household_id,head_name,purok,hour,load_kwh,solar_kwh,net_load_kwh,battery_soc_pct,battery_capacity_kwh,grid_import_kwh,grid_export_kwh,has_battery,income_tier
HH-01,Ramon D.,Purok 1,0,0.102,0.0,0.102,0.0,0.0,0.102,0.0,0,mid
HH-01,Ramon D.,Purok 1,1,0.128,0.0,0.128,42.5,4.93,0.128,0.0,1,mid
HH-01,Ramon D.,Purok 1,2,0.093,0.0,0.093,0.0,0.0,0.093,0.0,0,mid
HH-01,Ramon D.,Purok 1,3,0.103,0.0,0.103,0.0,0.0,0.103,0.0,0,mid
HH-01,Ramon D.,Purok 1,4,0.18,0.0,0.18,0.0,0.0,0.18,0.0,0,mid
HH-01,Ramon D.,Purok 1,5,0.91,0.0,0.91,33.2,5.95,0.91,0.0,1,mid
HH-01,Ramon D.,Purok 1,6,0.304,0.0,0.304,38.0,6.54,0.304,0.0,1,mid
HH-01,Ramon D.,Purok 1,7,0.126,0.0,0.126,47.7,7.55,0.126,0.0,1,mid
HH-01,Ramon D.,Purok 1,8,0.112,0.0,0.112,52.1,7.12,0.112,0.0,1,mid
HH-01,Ramon D.,Purok 1,9,0.073,0.0,0.073,50.6,8.64,0.073,0.0,1,mid
HH-01,Ramon D.,Purok 1,10,0.084,0.0,0.084,54.6,4.09,0.084,0.0,1,mid
HH-01,Ramon D.,Purok 1,11,0.131,0.0,0.131,47.5,3.65,0.131,0.0,1,mid
HH-01,Ramon D.,Purok 1,12,0.187,0.0,0.187,0.0,0.0,0.187,0.0,0,mid
HH-01,Ramon D.,Purok 1,13,0.101,0.0,0.101,0.0,0.0,0.101,0.0,0,mid
HH-01,Ramon D.,Purok 1,14,0.076,0.0,0.076,0.0,0.0,0.076,0.0,0,mid
HH-01,Ramon D.,Purok 1,15,0.087,0.0,0.087,0.0,0.0,0.087,0.0,0,mid
HH-01,Ramon D.,Purok 1,16,0.108,0.0,0.108,45.2,9.81,0.108,0.0,1,mid
HH-01,Ramon D.,Purok 1,17,0.322,0.0,0.322,0.0,0.0,0.322,0.0,0,mid
HH-01,Ramon D.,Purok 1,18,0.848,0.0,0.848,0.0,0.0,0.848,0.0,0,mid
HH-01,Ramon D.,Purok 1,19,0.182,0.0,0.182,0.0,0.0,0.182,0.0,0,mid
HH-01,Ramon D.,Purok 1,20,0.189,0.0,0.189,0.0,0.0,0.189,0.0,0,mid
HH-01,Ramon D.,Purok 1,21,0.265,0.0,0.265,0.0,0.0,0.265,0.0,0,mid
HH-01,Ramon D.,Purok 1,22,0.163,0.0,0.163,0.0,0.0,0.163,0.0,0,mid
HH-01,Ramon D.,Purok 1,23,0.128,0.0,0.128,43.6,4.6,0.128,0.0,1,mid
HH-02,Linda S.,Purok 2,0,0.08,0.0,0.08,41.0,4.63,0.08,0.0,1,mid
HH-02,Linda S.,Purok 2,1,0.114,0.0,0.114,44.9,7.45,0.114,0.0,1,mid
HH-02,Linda S.,Purok 2,2,0.08,0.0,0.08,43.6,4.47,0.08,0.0,1,mid
HH-02,Linda S.,Purok 2,3,0.093,0.0,0.093,0.0,0.0,0.093,0.0,0,mid
HH-02,Linda S.,Purok 2,4,0.194,0.0,0.194,0.0,0.0,0.194,0.0,0,mid
HH-02,Linda S.,Purok 2,5,0.921,0.0,0.921,0.0,0.0,0.921,0.0,0,mid
HH-02,Linda S.,Purok 2,6,0.259,0.12,0.139,41.5,8.1,0.139,0.0,1,mid
HH-02,Linda S.,Purok 2,7,0.133,0.405,-0.272,52.4,9.93,0.0,0.272,1,mid
HH-02,Linda S.,Purok 2,8,0.121,0.299,-0.178,0.0,0.0,0.0,0.178,0,mid
HH-02,Linda S.,Purok 2,9,0.117,0.769,-0.652,0.0,0.0,0.0,0.652,0,mid
HH-02,Linda S.,Purok 2,10,0.084,1.081,-0.997,0.0,0.0,0.0,0.997,0,mid
HH-02,Linda S.,Purok 2,11,0.108,0.914,-0.806,0.0,0.0,0.0,0.806,0,mid
HH-02,Linda S.,Purok 2,12,0.222,0.968,-0.746,58.0,3.22,0.0,0.746,1,mid
HH-02,Linda S.,Purok 2,13,0.103,0.346,-0.243,64.0,4.48,0.0,0.243,1,mid
HH-02,Linda S.,Purok 2,14,0.083,0.131,-0.048,0.0,0.0,0.0,0.048,0,mid
HH-02,Linda S.,Purok 2,15,0.127,0.209,-0.082,47.0,7.59,0.0,0.082,1,mid
HH-02,Linda S.,Purok 2,16,0.123,0.261,-0.138,0.0,0.0,0.0,0.138,0,mid
HH-02,Linda S.,Purok 2,17,0.311,0.006,0.305,41.5,4.85,0.305,0.0,1,mid
HH-02,Linda S.,Purok 2,18,1.006,0.0,1.006,0.0,0.0,1.006,0.0,0,mid
HH-02,Linda S.,Purok 2,19,0.206,0.0,0.206,52.7,7.09,0.206,0.0,1,mid
HH-02,Linda S.,Purok 2,20,0.275,0.0,0.275,53.8,4.54,0.275,0.0,1,mid
HH-02,Linda S.,Purok 2,21,0.205,0.0,0.205,39.1,3.64,0.205,0.0,1,mid
HH-02,Linda S.,Purok 2,22,0.129,0.0,0.129,51.6,7.39,0.129,0.0,1,mid
HH-02,Linda S.,Purok 2,23,0.102,0.0,0.102,45.3,3.44,0.102,0.0,1,mid
HH-03,Father C.,Purok 3,0,0.104,0.0,0.104,0.0,0.0,0.104,0.0,0,mid
HH-03,Father C.,Purok 3,1,0.086,0.0,0.086,53.1,9.8,0.086,0.0,1,mid
HH-03,Father C.,Purok 3,2,0.105,0.0,0.105,50.1,8.05,0.105,0.0,1,mid
HH-03,Father C.,Purok 3,3,0.124,0.0,0.124,49.3,4.87,0.124,0.0,1,mid
HH-03,Father C.,Purok 3,4,0.141,0.0,0.141,46.1,6.04,0.141,0.0,1,mid
HH-03,Father C.,Purok 3,5,0.707,0.0,0.707,0.0,0.0,0.707,0.0,0,mid
HH-03,Father C.,Purok 3,6,0.325,0.179,0.146,0.0,0.0,0.146,0.0,0,mid
HH-03,Father C.,Purok 3,7,0.121,0.603,-0.482,46.7,6.5,0.0,0.482,1,mid
HH-03,Father C.,Purok 3,8,0.075,0.445,-0.37,0.0,0.0,0.0,0.37,0,mid
HH-03,Father C.,Purok 3,9,0.073,1.146,-1.073,0.0,0.0,0.0,1.073,0,mid
HH-03,Father C.,Purok 3,10,0.077,1.61,-1.533,62.0,7.47,0.0,1.533,1,mid
HH-03,Father C.,Purok 3,11,0.161,1.362,-1.201,65.2,8.34,0.0,1.201,1,mid
HH-03,Father C.,Purok 3,12,0.294,1.442,-1.148,0.0,0.0,0.0,1.148,0,mid
HH-03,Father C.,Purok 3,13,0.114,0.516,-0.402,55.4,3.0,0.0,0.402,1,mid
HH-03,Father C.,Purok 3,14,0.074,0.196,-0.122,62.0,9.5,0.0,0.122,1,mid
HH-03,Father C.,Purok 3,15,0.093,0.311,-0.218,0.0,0.0,0.0,0.218,0,mid
HH-03,Father C.,Purok 3,16,0.13,0.39,-0.26,56.1,3.41,0.0,0.26,1,mid
HH-03,Father C.,Purok 3,17,0.356,0.009,0.347,0.0,0.0,0.347,0.0,0,mid
HH-03,Father C.,Purok 3,18,1.18,0.0,1.18,31.7,6.4,1.18,0.0,1,mid
HH-03,Father C.,Purok 3,19,0.268,0.0,0.268,0.0,0.0,0.268,0.0,0,mid
HH-03,Father C.,Purok 3,20,0.156,0.0,0.156,0.0,0.0,0.156,0.0,0,mid
HH-03,Father C.,Purok 3,21,0.238,0.0,0.238,46.9,6.33,0.238,0.0,1,mid
HH-03,Father C.,Purok 3,22,0.166,0.0,0.166,45.4,9.11,0.166,0.0,1,mid
HH-03,Father C.,Purok 3,23,0.123,0.0,0.123,50.7,6.78,0.123,0.0,1,mid
HH-04,Mila G.,Purok 4,0,0.086,0.0,0.086,55.2,5.18,0.086,0.0,1,mid
HH-04,Mila G.,Purok 4,1,0.108,0.0,0.108,0.0,0.0,0.108,0.0,0,mid
HH-04,Mila G.,Purok 4,2,0.077,0.0,0.077,41.3,6.62,0.077,0.0,1,mid
HH-04,Mila G.,Purok 4,3,0.096,0.0,0.096,48.6,5.37,0.096,0.0,1,mid
HH-04,Mila G.,Purok 4,4,0.146,0.0,0.146,40.0,4.54,0.146,0.0,1,mid
HH-04,Mila G.,Purok 4,5,1.081,0.0,1.081,0.0,0.0,1.081,0.0,0,mid
HH-04,Mila G.,Purok 4,6,0.306,0.0,0.306,51.3,9.34,0.306,0.0,1,mid
HH-04,Mila G.,Purok 4,7,0.103,0.0,0.103,49.9,4.67,0.103,0.0,1,mid
HH-04,Mila G.,Purok 4,8,0.1,0.0,0.1,54.2,3.93,0.1,0.0,1,mid
HH-04,Mila G.,Purok 4,9,0.081,0.0,0.081,0.0,0.0,0.081,0.0,0,mid
HH-04,Mila G.,Purok 4,10,0.125,0.0,0.125,51.9,8.49,0.125,0.0,1,mid
HH-04,Mila G.,Purok 4,11,0.183,0.0,0.183,52.4,3.68,0.183,0.0,1,mid
HH-04,Mila G.,Purok 4,12,0.22,0.0,0.22,56.9,6.27,0.22,0.0,1,mid
HH-04,Mila G.,Purok 4,13,0.13,0.0,0.13,0.0,0.0,0.13,0.0,0,mid
HH-04,Mila G.,Purok 4,14,0.107,0.0,0.107,0.0,0.0,0.107,0.0,0,mid
HH-04,Mila G.,Purok 4,15,0.079,0.0,0.079,44.8,5.82,0.079,0.0,1,mid
HH-04,Mila G.,Purok 4,16,0.116,0.0,0.116,0.0,0.0,0.116,0.0,0,mid
HH-04,Mila G.,Purok 4,17,0.358,0.0,0.358,44.3,4.33,0.358,0.0,1,mid
HH-04,Mila G.,Purok 4,18,1.074,0.0,1.074,35.4,4.95,1.074,0.0,1,mid
HH-04,Mila G.,Purok 4,19,0.224,0.0,0.224,0.0,0.0,0.224,0.0,0,mid
HH-04,Mila G.,Purok 4,20,0.154,0.0,0.154,47.6,9.03,0.154,0.0,1,mid
HH-04,Mila G.,Purok 4,21,0.188,0.0,0.188,51.9,9.99,0.188,0.0,1,mid
HH-04,Mila G.,Purok 4,22,0.107,0.0,0.107,0.0,0.0,0.107,0.0,0,mid
HH-04,Mila G.,Purok 4,23,0.151,0.0,0.151,0.0,0.0,0.151,0.0,0,mid
HH-05,Arnel P.,Purok 5,0,0.092,0.0,0.092,0.0,0.0,0.092,0.0,0,low
HH-05,Arnel P.,Purok 5,1,0.09,0.0,0.09,42.7,6.4,0.09,0.0,1,low
HH-05,Arnel P.,Purok 5,2,0.066,0.0,0.066,45.5,3.41,0.066,0.0,1,low
HH-05,Arnel P.,Purok 5,3,0.055,0.0,0.055,0.0,0.0,0.055,0.0,0,low
HH-05,Arnel P.,Purok 5,4,0.138,0.0,0.138,46.2,8.49,0.138,0.0,1,low
HH-05,Arnel P.,Purok 5,5,0.808,0.0,0.808,49.5,9.7,0.808,0.0,1,low
HH-05,Arnel P.,Purok 5,6,0.141,0.0,0.141,0.0,0.0,0.141,0.0,0,low
HH-05,Arnel P.,Purok 5,7,0.089,0.0,0.089,0.0,0.0,0.089,0.0,0,low
HH-05,Arnel P.,Purok 5,8,0.056,0.0,0.056,55.1,5.08,0.056,0.0,1,low
HH-05,Arnel P.,Purok 5,9,0.087,0.0,0.087,0.0,0.0,0.087,0.0,0,low
HH-05,Arnel P.,Purok 5,10,0.087,0.0,0.087,40.2,8.24,0.087,0.0,1,low
HH-05,Arnel P.,Purok 5,11,0.087,0.0,0.087,0.0,0.0,0.087,0.0,0,low
HH-05,Arnel P.,Purok 5,12,0.185,0.0,0.185,48.0,8.97,0.185,0.0,1,low
HH-05,Arnel P.,Purok 5,13,0.093,0.0,0.093,0.0,0.0,0.093,0.0,0,low
HH-05,Arnel P.,Purok 5,14,0.064,0.0,0.064,56.0,4.3,0.064,0.0,1,low
HH-05,Arnel P.,Purok 5,15,0.092,0.0,0.092,0.0,0.0,0.092,0.0,0,low
HH-05,Arnel P.,Purok 5,16,0.072,0.0,0.072,53.7,3.84,0.072,0.0,1,low
HH-05,Arnel P.,Purok 5,17,0.217,0.0,0.217,48.2,7.16,0.217,0.0,1,low
HH-05,Arnel P.,Purok 5,18,0.706,0.0,0.706,42.7,7.09,0.706,0.0,1,low
HH-05,Arnel P.,Purok 5,19,0.188,0.0,0.188,0.0,0.0,0.188,0.0,0,low
HH-05,Arnel P.,Purok 5,20,0.135,0.0,0.135,42.7,8.01,0.135,0.0,1,low
HH-05,Arnel P.,Purok 5,21,0.14,0.0,0.14,43.7,7.7,0.14,0.0,1,low
HH-05,Arnel P.,Purok 5,22,0.146,0.0,0.146,40.0,8.26,0.146,0.0,1,low
HH-05,Arnel P.,Purok 5,23,0.098,0.0,0.098,55.2,9.99,0.098,0.0,1,low
HH-06,Jun P.,Purok 1,0,0.125,0.0,0.125,43.2,4.49,0.125,0.0,1,high
HH-06,Jun P.,Purok 1,1,0.131,0.0,0.131,0.0,0.0,0.131,0.0,0,high
HH-06,Jun P.,Purok 1,2,0.1,0.0,0.1,0.0,0.0,0.1,0.0,0,high
HH-06,Jun P.,Purok 1,3,0.109,0.0,0.109,0.0,0.0,0.109,0.0,0,high
HH-06,Jun P.,Purok 1,4,0.176,0.0,0.176,51.9,4.1,0.176,0.0,1,high
HH-06,Jun P.,Purok 1,5,1.164,0.0,1.164,0.0,0.0,1.164,0.0,0,high
HH-06,Jun P.,Purok 1,6,0.272,0.139,0.133,0.0,0.0,0.133,0.0,0,high
HH-06,Jun P.,Purok 1,7,0.13,0.468,-0.338,0.0,0.0,0.0,0.338,0,high
HH-06,Jun P.,Purok 1,8,0.097,0.346,-0.249,0.0,0.0,0.0,0.249,0,high
HH-06,Jun P.,Purok 1,9,0.14,0.889,-0.749,50.8,8.72,0.0,0.749,1,high
HH-06,Jun P.,Purok 1,10,0.109,1.249,-1.14,0.0,0.0,0.0,1.14,0,high
HH-06,Jun P.,Purok 1,11,0.242,1.057,-0.815,0.0,0.0,0.0,0.815,0,high
HH-06,Jun P.,Purok 1,12,0.395,1.119,-0.724,54.5,3.81,0.0,0.724,1,high
HH-06,Jun P.,Purok 1,13,0.116,0.4,-0.284,0.0,0.0,0.0,0.284,0,high
HH-06,Jun P.,Purok 1,14,0.11,0.152,-0.042,58.8,7.23,0.0,0.042,1,high
HH-06,Jun P.,Purok 1,15,0.143,0.241,-0.098,45.0,7.44,0.0,0.098,1,high
HH-06,Jun P.,Purok 1,16,0.108,0.302,-0.194,55.1,9.34,0.0,0.194,1,high
HH-06,Jun P.,Purok 1,17,0.355,0.007,0.348,41.6,5.97,0.348,0.0,1,high
HH-06,Jun P.,Purok 1,18,1.509,0.0,1.509,38.1,8.4,1.509,0.0,1,high
HH-06,Jun P.,Purok 1,19,0.298,0.0,0.298,46.4,8.19,0.298,0.0,1,high
HH-06,Jun P.,Purok 1,20,0.281,0.0,0.281,39.0,3.07,0.281,0.0,1,high
HH-06,Jun P.,Purok 1,21,0.32,0.0,0.32,0.0,0.0,0.32,0.0,0,high
HH-06,Jun P.,Purok 1,22,0.231,0.0,0.231,0.0,0.0,0.231,0.0,0,high
HH-06,Jun P.,Purok 1,23,0.127,0.0,0.127,48.3,8.84,0.127,0.0,1,high
HH-07,Mina T.,Purok 2,0,0.076,0.0,0.076,44.3,3.89,0.076,0.0,1,mid
HH-07,Mina T.,Purok 2,1,0.096,0.0,0.096,0.0,0.0,0.096,0.0,0,mid
HH-07,Mina T.,Purok 2,2,0.095,0.0,0.095,0.0,0.0,0.095,0.0,0,mid
HH-07,Mina T.,Purok 2,3,0.098,0.0,0.098,0.0,0.0,0.098,0.0,0,mid
HH-07,Mina T.,Purok 2,4,0.171,0.0,0.171,0.0,0.0,0.171,0.0,0,mid
HH-07,Mina T.,Purok 2,5,0.938,0.0,0.938,34.1,4.75,0.938,0.0,1,mid
HH-07,Mina T.,Purok 2,6,0.323,0.113,0.21,0.0,0.0,0.21,0.0,0,mid
HH-07,Mina T.,Purok 2,7,0.091,0.381,-0.29,0.0,0.0,0.0,0.29,0,mid
HH-07,Mina T.,Purok 2,8,0.094,0.281,-0.187,44.0,7.34,0.0,0.187,1,mid
HH-07,Mina T.,Purok 2,9,0.09,0.723,-0.633,0.0,0.0,0.0,0.633,0,mid
HH-07,Mina T.,Purok 2,10,0.122,1.016,-0.894,0.0,0.0,0.0,0.894,0,mid
HH-07,Mina T.,Purok 2,11,0.127,0.859,-0.732,0.0,0.0,0.0,0.732,0,mid
HH-07,Mina T.,Purok 2,12,0.204,0.91,-0.706,0.0,0.0,0.0,0.706,0,mid
HH-07,Mina T.,Purok 2,13,0.116,0.326,-0.21,0.0,0.0,0.0,0.21,0,mid
HH-07,Mina T.,Purok 2,14,0.095,0.123,-0.028,52.5,8.16,0.0,0.028,1,mid
HH-07,Mina T.,Purok 2,15,0.087,0.196,-0.109,0.0,0.0,0.0,0.109,0,mid
HH-07,Mina T.,Purok 2,16,0.085,0.246,-0.161,0.0,0.0,0.0,0.161,0,mid
HH-07,Mina T.,Purok 2,17,0.439,0.006,0.433,0.0,0.0,0.433,0.0,0,mid
HH-07,Mina T.,Purok 2,18,0.889,0.0,0.889,0.0,0.0,0.889,0.0,0,mid
HH-07,Mina T.,Purok 2,19,0.268,0.0,0.268,39.6,8.51,0.268,0.0,1,mid
HH-07,Mina T.,Purok 2,20,0.227,0.0,0.227,0.0,0.0,0.227,0.0,0,mid
HH-07,Mina T.,Purok 2,21,0.153,0.0,0.153,0.0,0.0,0.153,0.0,0,mid
HH-07,Mina T.,Purok 2,22,0.195,0.0,0.195,45.8,8.72,0.195,0.0,1,mid
HH-07,Mina T.,Purok 2,23,0.144,0.0,0.144,42.5,8.57,0.144,0.0,1,mid
HH-08,Carlo B.,Purok 3,0,0.096,0.0,0.096,44.5,4.35,0.096,0.0,1,low
HH-08,Carlo B.,Purok 3,1,0.094,0.0,0.094,0.0,0.0,0.094,0.0,0,low
HH-08,Carlo B.,Purok 3,2,0.091,0.0,0.091,0.0,0.0,0.091,0.0,0,low
HH-08,Carlo B.,Purok 3,3,0.06,0.0,0.06,45.9,7.49,0.06,0.0,1,low
HH-08,Carlo B.,Purok 3,4,0.112,0.0,0.112,0.0,0.0,0.112,0.0,0,low
HH-08,Carlo B.,Purok 3,5,0.528,0.0,0.528,37.6,9.57,0.528,0.0,1,low
HH-08,Carlo B.,Purok 3,6,0.176,0.088,0.088,0.0,0.0,0.088,0.0,0,low
HH-08,Carlo B.,Purok 3,7,0.066,0.298,-0.232,46.1,9.74,0.0,0.232,1,low
HH-08,Carlo B.,Purok 3,8,0.07,0.22,-0.15,52.9,6.04,0.0,0.15,1,low
HH-08,Carlo B.,Purok 3,9,0.097,0.566,-0.469,51.9,7.24,0.0,0.469,1,low
HH-08,Carlo B.,Purok 3,10,0.064,0.796,-0.732,49.9,7.04,0.0,0.732,1,low
HH-08,Carlo B.,Purok 3,11,0.132,0.673,-0.541,0.0,0.0,0.0,0.541,0,low
HH-08,Carlo B.,Purok 3,12,0.182,0.712,-0.53,59.9,9.48,0.0,0.53,1,low
HH-08,Carlo B.,Purok 3,13,0.086,0.255,-0.169,0.0,0.0,0.0,0.169,0,low
HH-08,Carlo B.,Purok 3,14,0.096,0.097,-0.001,0.0,0.0,0.0,0.001,0,low
HH-08,Carlo B.,Purok 3,15,0.097,0.154,-0.057,0.0,0.0,0.0,0.057,0,low
HH-08,Carlo B.,Purok 3,16,0.078,0.192,-0.114,51.5,3.49,0.0,0.114,1,low
HH-08,Carlo B.,Purok 3,17,0.297,0.005,0.292,51.2,5.2,0.292,0.0,1,low
HH-08,Carlo B.,Purok 3,18,0.547,0.0,0.547,0.0,0.0,0.547,0.0,0,low
HH-08,Carlo B.,Purok 3,19,0.145,0.0,0.145,45.4,5.16,0.145,0.0,1,low
HH-08,Carlo B.,Purok 3,20,0.211,0.0,0.211,40.3,5.07,0.211,0.0,1,low
HH-08,Carlo B.,Purok 3,21,0.165,0.0,0.165,49.5,9.58,0.165,0.0,1,low
HH-08,Carlo B.,Purok 3,22,0.115,0.0,0.115,0.0,0.0,0.115,0.0,0,low
HH-08,Carlo B.,Purok 3,23,0.103,0.0,0.103,0.0,0.0,0.103,0.0,0,low
HH-09,Elena V.,Purok 4,0,0.073,0.0,0.073,39.4,6.84,0.073,0.0,1,mid
HH-09,Elena V.,Purok 4,1,0.105,0.0,0.105,48.4,6.01,0.105,0.0,1,mid
HH-09,Elena V.,Purok 4,2,0.1,0.0,0.1,0.0,0.0,0.1,0.0,0,mid
HH-09,Elena V.,Purok 4,3,0.121,0.0,0.121,42.5,6.1,0.121,0.0,1,mid
HH-09,Elena V.,Purok 4,4,0.119,0.0,0.119,51.8,9.31,0.119,0.0,1,mid
HH-09,Elena V.,Purok 4,5,1.085,0.0,1.085,39.6,3.59,1.085,0.0,1,mid
HH-09,Elena V.,Purok 4,6,0.187,0.168,0.019,0.0,0.0,0.019,0.0,0,mid
HH-09,Elena V.,Purok 4,7,0.097,0.566,-0.469,55.8,8.73,0.0,0.469,1,mid
HH-09,Elena V.,Purok 4,8,0.106,0.418,-0.312,0.0,0.0,0.0,0.312,0,mid
HH-09,Elena V.,Purok 4,9,0.111,1.075,-0.964,48.1,4.39,0.0,0.964,1,mid
HH-09,Elena V.,Purok 4,10,0.084,1.511,-1.427,65.0,6.33,0.0,1.427,1,mid
HH-09,Elena V.,Purok 4,11,0.116,1.278,-1.162,66.4,5.9,0.0,1.162,1,mid
HH-09,Elena V.,Purok 4,12,0.309,1.353,-1.044,63.3,7.87,0.0,1.044,1,mid
HH-09,Elena V.,Purok 4,13,0.102,0.484,-0.382,50.1,7.59,0.0,0.382,1,mid
HH-09,Elena V.,Purok 4,14,0.106,0.183,-0.077,0.0,0.0,0.0,0.077,0,mid
HH-09,Elena V.,Purok 4,15,0.107,0.292,-0.185,0.0,0.0,0.0,0.185,0,mid
HH-09,Elena V.,Purok 4,16,0.095,0.366,-0.271,45.0,5.98,0.0,0.271,1,mid
HH-09,Elena V.,Purok 4,17,0.368,0.009,0.359,0.0,0.0,0.359,0.0,0,mid
HH-09,Elena V.,Purok 4,18,0.933,0.0,0.933,36.5,3.35,0.933,0.0,1,mid
HH-09,Elena V.,Purok 4,19,0.277,0.0,0.277,0.0,0.0,0.277,0.0,0,mid
HH-09,Elena V.,Purok 4,20,0.181,0.0,0.181,49.2,8.61,0.181,0.0,1,mid
HH-09,Elena V.,Purok 4,21,0.237,0.0,0.237,0.0,0.0,0.237,0.0,0,mid
HH-09,Elena V.,Purok 4,22,0.126,0.0,0.126,0.0,0.0,0.126,0.0,0,mid
HH-09,Elena V.,Purok 4,23,0.112,0.0,0.112,0.0,0.0,0.112,0.0,0,mid
HH-10,Tito M.,Purok 5,0,0.11,0.0,0.11,0.0,0.0,0.11,0.0,0,mid
HH-10,Tito M.,Purok 5,1,0.088,0.0,0.088,0.0,0.0,0.088,0.0,0,mid
HH-10,Tito M.,Purok 5,2,0.089,0.0,0.089,0.0,0.0,0.089,0.0,0,mid
HH-10,Tito M.,Purok 5,3,0.115,0.0,0.115,47.8,8.81,0.115,0.0,1,mid
HH-10,Tito M.,Purok 5,4,0.112,0.0,0.112,0.0,0.0,0.112,0.0,0,mid
HH-10,Tito M.,Purok 5,5,0.829,0.0,0.829,0.0,0.0,0.829,0.0,0,mid
HH-10,Tito M.,Purok 5,6,0.325,0.113,0.212,42.3,4.81,0.212,0.0,1,mid
HH-10,Tito M.,Purok 5,7,0.156,0.381,-0.225,0.0,0.0,0.0,0.225,0,mid
HH-10,Tito M.,Purok 5,8,0.074,0.282,-0.208,0.0,0.0,0.0,0.208,0,mid
HH-10,Tito M.,Purok 5,9,0.083,0.725,-0.642,49.5,7.39,0.0,0.642,1,mid
HH-10,Tito M.,Purok 5,10,0.086,1.018,-0.932,51.8,5.0,0.0,0.932,1,mid
HH-10,Tito M.,Purok 5,11,0.189,0.861,-0.672,54.6,6.78,0.0,0.672,1,mid
HH-10,Tito M.,Purok 5,12,0.307,0.912,-0.605,63.1,7.86,0.0,0.605,1,mid
HH-10,Tito M.,Purok 5,13,0.147,0.326,-0.179,57.1,5.85,0.0,0.179,1,mid
HH-10,Tito M.,Purok 5,14,0.092,0.124,-0.032,54.0,4.45,0.0,0.032,1,mid
HH-10,Tito M.,Purok 5,15,0.079,0.197,-0.118,0.0,0.0,0.0,0.118,0,mid
HH-10,Tito M.,Purok 5,16,0.12,0.246,-0.126,0.0,0.0,0.0,0.126,0,mid
HH-10,Tito M.,Purok 5,17,0.393,0.006,0.387,0.0,0.0,0.387,0.0,0,mid
HH-10,Tito M.,Purok 5,18,0.982,0.0,0.982,0.0,0.0,0.982,0.0,0,mid
HH-10,Tito M.,Purok 5,19,0.284,0.0,0.284,0.0,0.0,0.284,0.0,0,mid
HH-10,Tito M.,Purok 5,20,0.24,0.0,0.24,43.7,3.04,0.24,0.0,1,mid
HH-10,Tito M.,Purok 5,21,0.148,0.0,0.148,0.0,0.0,0.148,0.0,0,mid
HH-10,Tito M.,Purok 5,22,0.179,0.0,0.179,0.0,0.0,0.179,0.0,0,mid
HH-10,Tito M.,Purok 5,23,0.106,0.0,0.106,0.0,0.0,0.106,0.0,0,mid
HH-11,Nora K.,Purok 1,0,0.11,0.0,0.11,47.9,8.23,0.11,0.0,1,mid
HH-11,Nora K.,Purok 1,1,0.126,0.0,0.126,0.0,0.0,0.126,0.0,0,mid
HH-11,Nora K.,Purok 1,2,0.078,0.0,0.078,46.3,4.54,0.078,0.0,1,mid
HH-11,Nora K.,Purok 1,3,0.077,0.0,0.077,50.3,5.35,0.077,0.0,1,mid
HH-11,Nora K.,Purok 1,4,0.115,0.0,0.115,46.6,4.16,0.115,0.0,1,mid
HH-11,Nora K.,Purok 1,5,0.877,0.0,0.877,33.4,7.36,0.877,0.0,1,mid
HH-11,Nora K.,Purok 1,6,0.216,0.188,0.028,40.2,6.95,0.028,0.0,1,mid
HH-11,Nora K.,Purok 1,7,0.128,0.635,-0.507,0.0,0.0,0.0,0.507,0,mid
HH-11,Nora K.,Purok 1,8,0.113,0.468,-0.355,43.6,6.23,0.0,0.355,1,mid
HH-11,Nora K.,Purok 1,9,0.082,1.206,-1.124,54.2,4.48,0.0,1.124,1,mid
HH-11,Nora K.,Purok 1,10,0.108,1.694,-1.586,0.0,0.0,0.0,1.586,0,mid
HH-11,Nora K.,Purok 1,11,0.129,1.433,-1.304,70.7,8.26,0.0,1.304,1,mid
HH-11,Nora K.,Purok 1,12,0.248,1.517,-1.269,57.5,3.57,0.0,1.269,1,mid
HH-11,Nora K.,Purok 1,13,0.149,0.543,-0.394,55.8,10.0,0.0,0.394,1,mid
HH-11,Nora K.,Purok 1,14,0.121,0.206,-0.085,0.0,0.0,0.0,0.085,0,mid
HH-11,Nora K.,Purok 1,15,0.076,0.327,-0.251,0.0,0.0,0.0,0.251,0,mid
HH-11,Nora K.,Purok 1,16,0.095,0.41,-0.315,0.0,0.0,0.0,0.315,0,mid
HH-11,Nora K.,Purok 1,17,0.303,0.01,0.293,0.0,0.0,0.293,0.0,0,mid
HH-11,Nora K.,Purok 1,18,0.646,0.0,0.646,0.0,0.0,0.646,0.0,0,mid
HH-11,Nora K.,Purok 1,19,0.256,0.0,0.256,40.4,3.14,0.256,0.0,1,mid
HH-11,Nora K.,Purok 1,20,0.238,0.0,0.238,47.1,7.69,0.238,0.0,1,mid
HH-11,Nora K.,Purok 1,21,0.18,0.0,0.18,50.8,7.9,0.18,0.0,1,mid
HH-11,Nora K.,Purok 1,22,0.172,0.0,0.172,50.6,7.25,0.172,0.0,1,mid
HH-11,Nora K.,Purok 1,23,0.124,0.0,0.124,54.4,8.74,0.124,0.0,1,mid
HH-12,Ben L.,Purok 2,0,0.096,0.0,0.096,44.2,3.18,0.096,0.0,1,mid
HH-12,Ben L.,Purok 2,1,0.071,0.0,0.071,0.0,0.0,0.071,0.0,0,mid
HH-12,Ben L.,Purok 2,2,0.075,0.0,0.075,0.0,0.0,0.075,0.0,0,mid
HH-12,Ben L.,Purok 2,3,0.123,0.0,0.123,40.2,8.01,0.123,0.0,1,mid
HH-12,Ben L.,Purok 2,4,0.186,0.0,0.186,0.0,0.0,0.186,0.0,0,mid
HH-12,Ben L.,Purok 2,5,0.873,0.0,0.873,0.0,0.0,0.873,0.0,0,mid
HH-12,Ben L.,Purok 2,6,0.3,0.188,0.112,52.7,8.41,0.112,0.0,1,mid
HH-12,Ben L.,Purok 2,7,0.126,0.633,-0.507,0.0,0.0,0.0,0.507,0,mid
HH-12,Ben L.,Purok 2,8,0.079,0.467,-0.388,55.6,9.89,0.0,0.388,1,mid
HH-12,Ben L.,Purok 2,9,0.078,1.203,-1.125,54.9,6.0,0.0,1.125,1,mid
HH-12,Ben L.,Purok 2,10,0.088,1.69,-1.602,66.4,5.39,0.0,1.602,1,mid
HH-12,Ben L.,Purok 2,11,0.186,1.429,-1.243,0.0,0.0,0.0,1.243,0,mid
HH-12,Ben L.,Purok 2,12,0.294,1.513,-1.219,66.9,9.73,0.0,1.219,1,mid
HH-12,Ben L.,Purok 2,13,0.146,0.542,-0.396,0.0,0.0,0.0,0.396,0,mid
HH-12,Ben L.,Purok 2,14,0.124,0.205,-0.081,0.0,0.0,0.0,0.081,0,mid
HH-12,Ben L.,Purok 2,15,0.083,0.327,-0.244,57.4,8.14,0.0,0.244,1,mid
HH-12,Ben L.,Purok 2,16,0.085,0.409,-0.324,51.2,8.66,0.0,0.324,1,mid
HH-12,Ben L.,Purok 2,17,0.267,0.01,0.257,49.6,6.05,0.257,0.0,1,mid
HH-12,Ben L.,Purok 2,18,1.075,0.0,1.075,44.7,8.96,1.075,0.0,1,mid
HH-12,Ben L.,Purok 2,19,0.271,0.0,0.271,41.7,9.17,0.271,0.0,1,mid
HH-12,Ben L.,Purok 2,20,0.208,0.0,0.208,44.4,7.27,0.208,0.0,1,mid
HH-12,Ben L.,Purok 2,21,0.225,0.0,0.225,41.1,8.96,0.225,0.0,1,mid
HH-12,Ben L.,Purok 2,22,0.119,0.0,0.119,44.5,8.58,0.119,0.0,1,mid
HH-12,Ben L.,Purok 2,23,0.151,0.0,0.151,0.0,0.0,0.151,0.0,0,mid
HH-13,Rosa H.,Purok 3,0,0.122,0.0,0.122,0.0,0.0,0.122,0.0,0,mid
HH-13,Rosa H.,Purok 3,1,0.129,0.0,0.129,54.1,3.07,0.129,0.0,1,mid
HH-13,Rosa H.,Purok 3,2,0.119,0.0,0.119,46.9,8.04,0.119,0.0,1,mid
HH-13,Rosa H.,Purok 3,3,0.123,0.0,0.123,0.0,0.0,0.123,0.0,0,mid
HH-13,Rosa H.,Purok 3,4,0.107,0.0,0.107,0.0,0.0,0.107,0.0,0,mid
HH-13,Rosa H.,Purok 3,5,0.971,0.0,0.971,0.0,0.0,0.971,0.0,0,mid
HH-13,Rosa H.,Purok 3,6,0.225,0.0,0.225,39.7,8.55,0.225,0.0,1,mid
HH-13,Rosa H.,Purok 3,7,0.151,0.0,0.151,43.7,7.84,0.151,0.0,1,mid
HH-13,Rosa H.,Purok 3,8,0.118,0.0,0.118,0.0,0.0,0.118,0.0,0,mid
HH-13,Rosa H.,Purok 3,9,0.122,0.0,0.122,45.8,6.72,0.122,0.0,1,mid
HH-13,Rosa H.,Purok 3,10,0.119,0.0,0.119,0.0,0.0,0.119,0.0,0,mid
HH-13,Rosa H.,Purok 3,11,0.129,0.0,0.129,50.3,7.92,0.129,0.0,1,mid
HH-13,Rosa H.,Purok 3,12,0.293,0.0,0.293,47.7,3.84,0.293,0.0,1,mid
HH-13,Rosa H.,Purok 3,13,0.092,0.0,0.092,58.5,6.75,0.092,0.0,1,mid
HH-13,Rosa H.,Purok 3,14,0.122,0.0,0.122,53.8,4.51,0.122,0.0,1,mid
HH-13,Rosa H.,Purok 3,15,0.122,0.0,0.122,0.0,0.0,0.122,0.0,0,mid
HH-13,Rosa H.,Purok 3,16,0.083,0.0,0.083,0.0,0.0,0.083,0.0,0,mid
HH-13,Rosa H.,Purok 3,17,0.416,0.0,0.416,38.3,4.98,0.416,0.0,1,mid
HH-13,Rosa H.,Purok 3,18,0.898,0.0,0.898,35.7,4.59,0.898,0.0,1,mid
HH-13,Rosa H.,Purok 3,19,0.194,0.0,0.194,42.8,6.74,0.194,0.0,1,mid
HH-13,Rosa H.,Purok 3,20,0.259,0.0,0.259,0.0,0.0,0.259,0.0,0,mid
HH-13,Rosa H.,Purok 3,21,0.176,0.0,0.176,0.0,0.0,0.176,0.0,0,mid
HH-13,Rosa H.,Purok 3,22,0.107,0.0,0.107,0.0,0.0,0.107,0.0,0,mid
HH-13,Rosa H.,Purok 3,23,0.098,0.0,0.098,47.1,9.08,0.098,0.0,1,mid
HH-14,Paolo N.,Purok 4,0,0.067,0.0,0.067,0.0,0.0,0.067,0.0,0,low
HH-14,Paolo N.,Purok 4,1,0.091,0.0,0.091,0.0,0.0,0.091,0.0,0,low
HH-14,Paolo N.,Purok 4,2,0.096,0.0,0.096,42.2,6.08,0.096,0.0,1,low
HH-14,Paolo N.,Purok 4,3,0.065,0.0,0.065,47.1,9.59,0.065,0.0,1,low
HH-14,Paolo N.,Purok 4,4,0.122,0.0,0.122,0.0,0.0,0.122,0.0,0,low
HH-14,Paolo N.,Purok 4,5,0.599,0.0,0.599,45.3,3.52,0.599,0.0,1,low
HH-14,Paolo N.,Purok 4,6,0.242,0.105,0.137,47.9,4.04,0.137,0.0,1,low
HH-14,Paolo N.,Purok 4,7,0.092,0.353,-0.261,44.0,9.96,0.0,0.261,1,low
HH-14,Paolo N.,Purok 4,8,0.095,0.261,-0.166,0.0,0.0,0.0,0.166,0,low
HH-14,Paolo N.,Purok 4,9,0.058,0.672,-0.614,0.0,0.0,0.0,0.614,0,low
HH-14,Paolo N.,Purok 4,10,0.096,0.944,-0.848,0.0,0.0,0.0,0.848,0,low
HH-14,Paolo N.,Purok 4,11,0.091,0.798,-0.707,59.9,6.66,0.0,0.707,1,low
HH-14,Paolo N.,Purok 4,12,0.24,0.845,-0.605,67.7,9.02,0.0,0.605,1,low
HH-14,Paolo N.,Purok 4,13,0.077,0.302,-0.225,58.6,7.35,0.0,0.225,1,low
HH-14,Paolo N.,Purok 4,14,0.057,0.115,-0.058,0.0,0.0,0.0,0.058,0,low
HH-14,Paolo N.,Purok 4,15,0.072,0.182,-0.11,0.0,0.0,0.0,0.11,0,low
HH-14,Paolo N.,Purok 4,16,0.085,0.228,-0.143,51.7,4.48,0.0,0.143,1,low
HH-14,Paolo N.,Purok 4,17,0.233,0.005,0.228,39.4,4.22,0.228,0.0,1,low
HH-14,Paolo N.,Purok 4,18,0.734,0.0,0.734,43.6,6.15,0.734,0.0,1,low
HH-14,Paolo N.,Purok 4,19,0.166,0.0,0.166,50.0,4.62,0.166,0.0,1,low
HH-14,Paolo N.,Purok 4,20,0.154,0.0,0.154,0.0,0.0,0.154,0.0,0,low
HH-14,Paolo N.,Purok 4,21,0.165,0.0,0.165,53.5,7.81,0.165,0.0,1,low
HH-14,Paolo N.,Purok 4,22,0.096,0.0,0.096,0.0,0.0,0.096,0.0,0,low
HH-14,Paolo N.,Purok 4,23,0.101,0.0,0.101,0.0,0.0,0.101,0.0,0,low
HH-15,Ramon D.,Purok 5,0,0.07,0.0,0.07,0.0,0.0,0.07,0.0,0,mid
HH-15,Ramon D.,Purok 5,1,0.126,0.0,0.126,0.0,0.0,0.126,0.0,0,mid
HH-15,Ramon D.,Purok 5,2,0.102,0.0,0.102,49.5,6.81,0.102,0.0,1,mid
HH-15,Ramon D.,Purok 5,3,0.113,0.0,0.113,0.0,0.0,0.113,0.0,0,mid
HH-15,Ramon D.,Purok 5,4,0.172,0.0,0.172,0.0,0.0,0.172,0.0,0,mid
HH-15,Ramon D.,Purok 5,5,0.937,0.0,0.937,37.4,4.16,0.937,0.0,1,mid
HH-15,Ramon D.,Purok 5,6,0.23,0.0,0.23,0.0,0.0,0.23,0.0,0,mid
HH-15,Ramon D.,Purok 5,7,0.089,0.0,0.089,0.0,0.0,0.089,0.0,0,mid
HH-15,Ramon D.,Purok 5,8,0.11,0.0,0.11,50.1,3.87,0.11,0.0,1,mid
HH-15,Ramon D.,Purok 5,9,0.09,0.0,0.09,0.0,0.0,0.09,0.0,0,mid
HH-15,Ramon D.,Purok 5,10,0.089,0.0,0.089,0.0,0.0,0.089,0.0,0,mid
HH-15,Ramon D.,Purok 5,11,0.181,0.0,0.181,46.8,6.46,0.181,0.0,1,mid
HH-15,Ramon D.,Purok 5,12,0.283,0.0,0.283,49.9,6.02,0.283,0.0,1,mid
HH-15,Ramon D.,Purok 5,13,0.106,0.0,0.106,61.5,3.64,0.106,0.0,1,mid
HH-15,Ramon D.,Purok 5,14,0.089,0.0,0.089,0.0,0.0,0.089,0.0,0,mid
HH-15,Ramon D.,Purok 5,15,0.095,0.0,0.095,0.0,0.0,0.095,0.0,0,mid
HH-15,Ramon D.,Purok 5,16,0.094,0.0,0.094,0.0,0.0,0.094,0.0,0,mid
HH-15,Ramon D.,Purok 5,17,0.307,0.0,0.307,0.0,0.0,0.307,0.0,0,mid
HH-15,Ramon D.,Purok 5,18,0.714,0.0,0.714,0.0,0.0,0.714,0.0,0,mid
HH-15,Ramon D.,Purok 5,19,0.209,0.0,0.209,50.4,3.28,0.209,0.0,1,mid
HH-15,Ramon D.,Purok 5,20,0.278,0.0,0.278,52.4,7.56,0.278,0.0,1,mid
HH-15,Ramon D.,Purok 5,21,0.232,0.0,0.232,48.3,7.1,0.232,0.0,1,mid
HH-15,Ramon D.,Purok 5,22,0.186,0.0,0.186,44.1,3.64,0.186,0.0,1,mid
HH-15,Ramon D.,Purok 5,23,0.128,0.0,0.128,52.7,7.69,0.128,0.0,1,mid
HH-16,Linda S.,Purok 1,0,0.088,0.0,0.088,43.9,7.86,0.088,0.0,1,mid
HH-16,Linda S.,Purok 1,1,0.103,0.0,0.103,0.0,0.0,0.103,0.0,0,mid
HH-16,Linda S.,Purok 1,2,0.07,0.0,0.07,0.0,0.0,0.07,0.0,0,mid
HH-16,Linda S.,Purok 1,3,0.087,0.0,0.087,0.0,0.0,0.087,0.0,0,mid
HH-16,Linda S.,Purok 1,4,0.144,0.0,0.144,44.0,5.2,0.144,0.0,1,mid
HH-16,Linda S.,Purok 1,5,0.891,0.0,0.891,0.0,0.0,0.891,0.0,0,mid
HH-16,Linda S.,Purok 1,6,0.273,0.097,0.176,54.4,6.6,0.176,0.0,1,mid
HH-16,Linda S.,Purok 1,7,0.117,0.327,-0.21,0.0,0.0,0.0,0.21,0,mid
HH-16,Linda S.,Purok 1,8,0.097,0.241,-0.144,44.2,5.89,0.0,0.144,1,mid
HH-16,Linda S.,Purok 1,9,0.083,0.62,-0.537,54.3,8.3,0.0,0.537,1,mid
HH-16,Linda S.,Purok 1,10,0.098,0.872,-0.774,0.0,0.0,0.0,0.774,0,mid
HH-16,Linda S.,Purok 1,11,0.186,0.737,-0.551,66.3,6.84,0.0,0.551,1,mid
HH-16,Linda S.,Purok 1,12,0.294,0.78,-0.486,52.8,7.89,0.0,0.486,1,mid
HH-16,Linda S.,Purok 1,13,0.096,0.279,-0.183,0.0,0.0,0.0,0.183,0,mid
HH-16,Linda S.,Purok 1,14,0.075,0.106,-0.031,0.0,0.0,0.0,0.031,0,mid
HH-16,Linda S.,Purok 1,15,0.101,0.168,-0.067,49.3,4.11,0.0,0.067,1,mid
HH-16,Linda S.,Purok 1,16,0.108,0.211,-0.103,0.0,0.0,0.0,0.103,0,mid
HH-16,Linda S.,Purok 1,17,0.315,0.005,0.31,52.1,9.95,0.31,0.0,1,mid
HH-16,Linda S.,Purok 1,18,1.096,0.0,1.096,44.5,3.82,1.096,0.0,1,mid
HH-16,Linda S.,Purok 1,19,0.253,0.0,0.253,46.1,8.02,0.253,0.0,1,mid
HH-16,Linda S.,Purok 1,20,0.243,0.0,0.243,53.7,8.84,0.243,0.0,1,mid
HH-16,Linda S.,Purok 1,21,0.175,0.0,0.175,44.7,6.86,0.175,0.0,1,mid
HH-16,Linda S.,Purok 1,22,0.123,0.0,0.123,0.0,0.0,0.123,0.0,0,mid
HH-16,Linda S.,Purok 1,23,0.086,0.0,0.086,53.1,9.16,0.086,0.0,1,mid
HH-17,Father C.,Purok 2,0,0.085,0.0,0.085,46.0,8.53,0.085,0.0,1,mid
HH-17,Father C.,Purok 2,1,0.099,0.0,0.099,0.0,0.0,0.099,0.0,0,mid
HH-17,Father C.,Purok 2,2,0.121,0.0,0.121,43.6,8.74,0.121,0.0,1,mid
HH-17,Father C.,Purok 2,3,0.074,0.0,0.074,55.4,7.11,0.074,0.0,1,mid
HH-17,Father C.,Purok 2,4,0.142,0.0,0.142,47.5,4.04,0.142,0.0,1,mid
HH-17,Father C.,Purok 2,5,0.916,0.0,0.916,41.4,6.86,0.916,0.0,1,mid
HH-17,Father C.,Purok 2,6,0.204,0.193,0.011,42.9,5.25,0.011,0.0,1,mid
HH-17,Father C.,Purok 2,7,0.134,0.651,-0.517,0.0,0.0,0.0,0.517,0,mid
HH-17,Father C.,Purok 2,8,0.1,0.481,-0.381,0.0,0.0,0.0,0.381,0,mid
HH-17,Father C.,Purok 2,9,0.085,1.237,-1.152,49.9,8.43,0.0,1.152,1,mid
HH-17,Father C.,Purok 2,10,0.109,1.738,-1.629,0.0,0.0,0.0,1.629,0,mid
HH-17,Father C.,Purok 2,11,0.105,1.47,-1.365,0.0,0.0,0.0,1.365,0,mid
HH-17,Father C.,Purok 2,12,0.288,1.556,-1.268,0.0,0.0,0.0,1.268,0,mid
HH-17,Father C.,Purok 2,13,0.139,0.557,-0.418,63.5,7.65,0.0,0.418,1,mid
HH-17,Father C.,Purok 2,14,0.076,0.211,-0.135,0.0,0.0,0.0,0.135,0,mid
HH-17,Father C.,Purok 2,15,0.096,0.336,-0.24,50.0,3.26,0.0,0.24,1,mid
HH-17,Father C.,Purok 2,16,0.081,0.42,-0.339,0.0,0.0,0.0,0.339,0,mid
HH-17,Father C.,Purok 2,17,0.446,0.01,0.436,0.0,0.0,0.436,0.0,0,mid
HH-17,Father C.,Purok 2,18,0.93,0.0,0.93,0.0,0.0,0.93,0.0,0,mid
HH-17,Father C.,Purok 2,19,0.161,0.0,0.161,46.0,6.68,0.161,0.0,1,mid
HH-17,Father C.,Purok 2,20,0.187,0.0,0.187,0.0,0.0,0.187,0.0,0,mid
HH-17,Father C.,Purok 2,21,0.254,0.0,0.254,40.4,7.58,0.254,0.0,1,mid
HH-17,Father C.,Purok 2,22,0.146,0.0,0.146,44.2,9.78,0.146,0.0,1,mid
HH-17,Father C.,Purok 2,23,0.142,0.0,0.142,0.0,0.0,0.142,0.0,0,mid
HH-18,Mila G.,Purok 3,0,0.11,0.0,0.11,0.0,0.0,0.11,0.0,0,mid
HH-18,Mila G.,Purok 3,1,0.129,0.0,0.129,0.0,0.0,0.129,0.0,0,mid
HH-18,Mila G.,Purok 3,2,0.106,0.0,0.106,0.0,0.0,0.106,0.0,0,mid
HH-18,Mila G.,Purok 3,3,0.127,0.0,0.127,0.0,0.0,0.127,0.0,0,mid
HH-18,Mila G.,Purok 3,4,0.185,0.0,0.185,50.0,5.22,0.185,0.0,1,mid
HH-18,Mila G.,Purok 3,5,0.907,0.0,0.907,0.0,0.0,0.907,0.0,0,mid
HH-18,Mila G.,Purok 3,6,0.283,0.0,0.283,0.0,0.0,0.283,0.0,0,mid
HH-18,Mila G.,Purok 3,7,0.12,0.0,0.12,49.1,3.48,0.12,0.0,1,mid
HH-18,Mila G.,Purok 3,8,0.12,0.0,0.12,0.0,0.0,0.12,0.0,0,mid
HH-18,Mila G.,Purok 3,9,0.103,0.0,0.103,0.0,0.0,0.103,0.0,0,mid
HH-18,Mila G.,Purok 3,10,0.124,0.0,0.124,0.0,0.0,0.124,0.0,0,mid
HH-18,Mila G.,Purok 3,11,0.172,0.0,0.172,55.8,3.69,0.172,0.0,1,mid
HH-18,Mila G.,Purok 3,12,0.246,0.0,0.246,0.0,0.0,0.246,0.0,0,mid
HH-18,Mila G.,Purok 3,13,0.103,0.0,0.103,60.6,7.86,0.103,0.0,1,mid
HH-18,Mila G.,Purok 3,14,0.085,0.0,0.085,51.0,8.57,0.085,0.0,1,mid
HH-18,Mila G.,Purok 3,15,0.108,0.0,0.108,47.6,4.02,0.108,0.0,1,mid
HH-18,Mila G.,Purok 3,16,0.116,0.0,0.116,0.0,0.0,0.116,0.0,0,mid
HH-18,Mila G.,Purok 3,17,0.354,0.0,0.354,0.0,0.0,0.354,0.0,0,mid
HH-18,Mila G.,Purok 3,18,0.99,0.0,0.99,46.0,3.55,0.99,0.0,1,mid
HH-18,Mila G.,Purok 3,19,0.19,0.0,0.19,0.0,0.0,0.19,0.0,0,mid
HH-18,Mila G.,Purok 3,20,0.164,0.0,0.164,41.0,9.39,0.164,0.0,1,mid
HH-18,Mila G.,Purok 3,21,0.183,0.0,0.183,42.6,4.78,0.183,0.0,1,mid
HH-18,Mila G.,Purok 3,22,0.129,0.0,0.129,53.4,8.63,0.129,0.0,1,mid
HH-18,Mila G.,Purok 3,23,0.107,0.0,0.107,0.0,0.0,0.107,0.0,0,mid
HH-19,Arnel P.,Purok 4,0,0.102,0.0,0.102,44.7,6.09,0.102,0.0,1,mid
HH-19,Arnel P.,Purok 4,1,0.078,0.0,0.078,0.0,0.0,0.078,0.0,0,mid
HH-19,Arnel P.,Purok 4,2,0.084,0.0,0.084,0.0,0.0,0.084,0.0,0,mid
HH-19,Arnel P.,Purok 4,3,0.112,0.0,0.112,52.6,4.75,0.112,0.0,1,mid
HH-19,Arnel P.,Purok 4,4,0.169,0.0,0.169,46.4,5.69,0.169,0.0,1,mid
HH-19,Arnel P.,Purok 4,5,0.628,0.0,0.628,44.2,7.0,0.628,0.0,1,mid
HH-19,Arnel P.,Purok 4,6,0.236,0.0,0.236,0.0,0.0,0.236,0.0,0,mid
HH-19,Arnel P.,Purok 4,7,0.123,0.0,0.123,49.5,9.85,0.123,0.0,1,mid
HH-19,Arnel P.,Purok 4,8,0.095,0.0,0.095,50.2,6.96,0.095,0.0,1,mid
HH-19,Arnel P.,Purok 4,9,0.082,0.0,0.082,0.0,0.0,0.082,0.0,0,mid
HH-19,Arnel P.,Purok 4,10,0.095,0.0,0.095,47.2,7.24,0.095,0.0,1,mid
HH-19,Arnel P.,Purok 4,11,0.186,0.0,0.186,0.0,0.0,0.186,0.0,0,mid
HH-19,Arnel P.,Purok 4,12,0.263,0.0,0.263,54.6,8.59,0.263,0.0,1,mid
HH-19,Arnel P.,Purok 4,13,0.134,0.0,0.134,55.9,7.46,0.134,0.0,1,mid
HH-19,Arnel P.,Purok 4,14,0.121,0.0,0.121,0.0,0.0,0.121,0.0,0,mid
HH-19,Arnel P.,Purok 4,15,0.116,0.0,0.116,0.0,0.0,0.116,0.0,0,mid
HH-19,Arnel P.,Purok 4,16,0.093,0.0,0.093,0.0,0.0,0.093,0.0,0,mid
HH-19,Arnel P.,Purok 4,17,0.246,0.0,0.246,0.0,0.0,0.246,0.0,0,mid
HH-19,Arnel P.,Purok 4,18,0.838,0.0,0.838,0.0,0.0,0.838,0.0,0,mid
HH-19,Arnel P.,Purok 4,19,0.253,0.0,0.253,0.0,0.0,0.253,0.0,0,mid
HH-19,Arnel P.,Purok 4,20,0.267,0.0,0.267,0.0,0.0,0.267,0.0,0,mid
HH-19,Arnel P.,Purok 4,21,0.267,0.0,0.267,47.1,6.09,0.267,0.0,1,mid
HH-19,Arnel P.,Purok 4,22,0.143,0.0,0.143,0.0,0.0,0.143,0.0,0,mid
HH-19,Arnel P.,Purok 4,23,0.138,0.0,0.138,50.9,5.07,0.138,0.0,1,mid
HH-20,Jun P.,Purok 5,0,0.077,0.0,0.077,48.0,3.93,0.077,0.0,1,low
HH-20,Jun P.,Purok 5,1,0.08,0.0,0.08,0.0,0.0,0.08,0.0,0,low
HH-20,Jun P.,Purok 5,2,0.062,0.0,0.062,52.8,9.39,0.062,0.0,1,low
HH-20,Jun P.,Purok 5,3,0.062,0.0,0.062,47.2,8.77,0.062,0.0,1,low
HH-20,Jun P.,Purok 5,4,0.108,0.0,0.108,0.0,0.0,0.108,0.0,0,low
HH-20,Jun P.,Purok 5,5,0.457,0.0,0.457,0.0,0.0,0.457,0.0,0,low
HH-20,Jun P.,Purok 5,6,0.169,0.0,0.169,54.1,3.81,0.169,0.0,1,low
HH-20,Jun P.,Purok 5,7,0.1,0.0,0.1,53.0,9.77,0.1,0.0,1,low
HH-20,Jun P.,Purok 5,8,0.071,0.0,0.071,0.0,0.0,0.071,0.0,0,low
HH-20,Jun P.,Purok 5,9,0.06,0.0,0.06,0.0,0.0,0.06,0.0,0,low
HH-20,Jun P.,Purok 5,10,0.074,0.0,0.074,0.0,0.0,0.074,0.0,0,low
HH-20,Jun P.,Purok 5,11,0.087,0.0,0.087,0.0,0.0,0.087,0.0,0,low
HH-20,Jun P.,Purok 5,12,0.201,0.0,0.201,45.6,8.53,0.201,0.0,1,low
HH-20,Jun P.,Purok 5,13,0.064,0.0,0.064,57.3,6.18,0.064,0.0,1,low
HH-20,Jun P.,Purok 5,14,0.07,0.0,0.07,0.0,0.0,0.07,0.0,0,low
HH-20,Jun P.,Purok 5,15,0.078,0.0,0.078,0.0,0.0,0.078,0.0,0,low
HH-20,Jun P.,Purok 5,16,0.054,0.0,0.054,0.0,0.0,0.054,0.0,0,low
HH-20,Jun P.,Purok 5,17,0.285,0.0,0.285,0.0,0.0,0.285,0.0,0,low
HH-20,Jun P.,Purok 5,18,0.539,0.0,0.539,36.1,4.64,0.539,0.0,1,low
HH-20,Jun P.,Purok 5,19,0.161,0.0,0.161,0.0,0.0,0.161,0.0,0,low
HH-20,Jun P.,Purok 5,20,0.12,0.0,0.12,0.0,0.0,0.12,0.0,0,low
HH-20,Jun P.,Purok 5,21,0.146,0.0,0.146,0.0,0.0,0.146,0.0,0,low
HH-20,Jun P.,Purok 5,22,0.093,0.0,0.093,52.4,3.44,0.093,0.0,1,low
HH-20,Jun P.,Purok 5,23,0.081,0.0,0.081,0.0,0.0,0.081,0.0,0,low
HH-21,Mina T.,Purok 1,0,0.116,0.0,0.116,41.3,5.86,0.116,0.0,1,mid
HH-21,Mina T.,Purok 1,1,0.093,0.0,0.093,0.0,0.0,0.093,0.0,0,mid
HH-21,Mina T.,Purok 1,2,0.115,0.0,0.115,40.6,6.45,0.115,0.0,1,mid
HH-21,Mina T.,Purok 1,3,0.12,0.0,0.12,0.0,0.0,0.12,0.0,0,mid
HH-21,Mina T.,Purok 1,4,0.128,0.0,0.128,49.7,6.18,0.128,0.0,1,mid
HH-21,Mina T.,Purok 1,5,0.637,0.0,0.637,0.0,0.0,0.637,0.0,0,mid
HH-21,Mina T.,Purok 1,6,0.178,0.209,-0.031,0.0,0.0,0.0,0.031,0,mid
HH-21,Mina T.,Purok 1,7,0.123,0.705,-0.582,47.1,8.2,0.0,0.582,1,mid
HH-21,Mina T.,Purok 1,8,0.13,0.52,-0.39,50.9,3.69,0.0,0.39,1,mid
HH-21,Mina T.,Purok 1,9,0.091,1.339,-1.248,50.5,9.66,0.0,1.248,1,mid
HH-21,Mina T.,Purok 1,10,0.109,1.882,-1.773,69.4,6.1,0.0,1.773,1,mid
HH-21,Mina T.,Purok 1,11,0.175,1.592,-1.417,0.0,0.0,0.0,1.417,0,mid
HH-21,Mina T.,Purok 1,12,0.273,1.685,-1.412,67.0,7.8,0.0,1.412,1,mid
HH-21,Mina T.,Purok 1,13,0.138,0.603,-0.465,0.0,0.0,0.0,0.465,0,mid
HH-21,Mina T.,Purok 1,14,0.127,0.228,-0.101,50.8,5.79,0.0,0.101,1,mid
HH-21,Mina T.,Purok 1,15,0.082,0.364,-0.282,49.5,8.94,0.0,0.282,1,mid
HH-21,Mina T.,Purok 1,16,0.071,0.455,-0.384,0.0,0.0,0.0,0.384,0,mid
HH-21,Mina T.,Purok 1,17,0.277,0.011,0.266,0.0,0.0,0.266,0.0,0,mid
HH-21,Mina T.,Purok 1,18,0.714,0.0,0.714,0.0,0.0,0.714,0.0,0,mid
HH-21,Mina T.,Purok 1,19,0.242,0.0,0.242,42.0,8.51,0.242,0.0,1,mid
HH-21,Mina T.,Purok 1,20,0.228,0.0,0.228,39.3,6.95,0.228,0.0,1,mid
HH-21,Mina T.,Purok 1,21,0.174,0.0,0.174,0.0,0.0,0.174,0.0,0,mid
HH-21,Mina T.,Purok 1,22,0.168,0.0,0.168,52.6,4.51,0.168,0.0,1,mid
HH-21,Mina T.,Purok 1,23,0.139,0.0,0.139,53.3,4.03,0.139,0.0,1,mid
HH-22,Carlo B.,Purok 2,0,0.08,0.0,0.08,41.7,9.01,0.08,0.0,1,mid
HH-22,Carlo B.,Purok 2,1,0.106,0.0,0.106,41.9,4.75,0.106,0.0,1,mid
HH-22,Carlo B.,Purok 2,2,0.115,0.0,0.115,0.0,0.0,0.115,0.0,0,mid
HH-22,Carlo B.,Purok 2,3,0.077,0.0,0.077,52.0,3.1,0.077,0.0,1,mid
HH-22,Carlo B.,Purok 2,4,0.179,0.0,0.179,41.4,5.27,0.179,0.0,1,mid
HH-22,Carlo B.,Purok 2,5,1.087,0.0,1.087,39.7,8.19,1.087,0.0,1,mid
HH-22,Carlo B.,Purok 2,6,0.191,0.155,0.036,0.0,0.0,0.036,0.0,0,mid
HH-22,Carlo B.,Purok 2,7,0.086,0.524,-0.438,51.7,8.45,0.0,0.438,1,mid
HH-22,Carlo B.,Purok 2,8,0.089,0.387,-0.298,57.5,6.53,0.0,0.298,1,mid
HH-22,Carlo B.,Purok 2,9,0.111,0.996,-0.885,61.0,8.48,0.0,0.885,1,mid
HH-22,Carlo B.,Purok 2,10,0.127,1.399,-1.272,65.6,6.21,0.0,1.272,1,mid
HH-22,Carlo B.,Purok 2,11,0.141,1.183,-1.042,61.8,6.35,0.0,1.042,1,mid
HH-22,Carlo B.,Purok 2,12,0.282,1.253,-0.971,0.0,0.0,0.0,0.971,0,mid
HH-22,Carlo B.,Purok 2,13,0.089,0.448,-0.359,51.0,9.37,0.0,0.359,1,mid
HH-22,Carlo B.,Purok 2,14,0.111,0.17,-0.059,48.5,7.26,0.0,0.059,1,mid
HH-22,Carlo B.,Purok 2,15,0.108,0.27,-0.162,50.1,7.43,0.0,0.162,1,mid
HH-22,Carlo B.,Purok 2,16,0.076,0.338,-0.262,50.6,9.96,0.0,0.262,1,mid
HH-22,Carlo B.,Purok 2,17,0.407,0.008,0.399,38.4,7.24,0.399,0.0,1,mid
HH-22,Carlo B.,Purok 2,18,1.113,0.0,1.113,0.0,0.0,1.113,0.0,0,mid
HH-22,Carlo B.,Purok 2,19,0.233,0.0,0.233,0.0,0.0,0.233,0.0,0,mid
HH-22,Carlo B.,Purok 2,20,0.17,0.0,0.17,0.0,0.0,0.17,0.0,0,mid
HH-22,Carlo B.,Purok 2,21,0.271,0.0,0.271,0.0,0.0,0.271,0.0,0,mid
HH-22,Carlo B.,Purok 2,22,0.175,0.0,0.175,0.0,0.0,0.175,0.0,0,mid
HH-22,Carlo B.,Purok 2,23,0.109,0.0,0.109,42.8,6.16,0.109,0.0,1,mid
HH-23,Elena V.,Purok 3,0,0.096,0.0,0.096,45.9,6.17,0.096,0.0,1,mid
HH-23,Elena V.,Purok 3,1,0.092,0.0,0.092,49.9,5.99,0.092,0.0,1,mid
HH-23,Elena V.,Purok 3,2,0.1,0.0,0.1,54.0,4.07,0.1,0.0,1,mid
HH-23,Elena V.,Purok 3,3,0.09,0.0,0.09,40.8,8.82,0.09,0.0,1,mid
HH-23,Elena V.,Purok 3,4,0.181,0.0,0.181,51.5,8.17,0.181,0.0,1,mid
HH-23,Elena V.,Purok 3,5,1.014,0.0,1.014,0.0,0.0,1.014,0.0,0,mid
HH-23,Elena V.,Purok 3,6,0.191,0.0,0.191,0.0,0.0,0.191,0.0,0,mid
HH-23,Elena V.,Purok 3,7,0.153,0.0,0.153,0.0,0.0,0.153,0.0,0,mid
HH-23,Elena V.,Purok 3,8,0.108,0.0,0.108,44.8,3.86,0.108,0.0,1,mid
HH-23,Elena V.,Purok 3,9,0.12,0.0,0.12,0.0,0.0,0.12,0.0,0,mid
HH-23,Elena V.,Purok 3,10,0.112,0.0,0.112,0.0,0.0,0.112,0.0,0,mid
HH-23,Elena V.,Purok 3,11,0.144,0.0,0.144,0.0,0.0,0.144,0.0,0,mid
HH-23,Elena V.,Purok 3,12,0.285,0.0,0.285,0.0,0.0,0.285,0.0,0,mid
HH-23,Elena V.,Purok 3,13,0.154,0.0,0.154,0.0,0.0,0.154,0.0,0,mid
HH-23,Elena V.,Purok 3,14,0.086,0.0,0.086,0.0,0.0,0.086,0.0,0,mid
HH-23,Elena V.,Purok 3,15,0.118,0.0,0.118,42.5,7.05,0.118,0.0,1,mid
HH-23,Elena V.,Purok 3,16,0.102,0.0,0.102,0.0,0.0,0.102,0.0,0,mid
HH-23,Elena V.,Purok 3,17,0.347,0.0,0.347,50.7,3.76,0.347,0.0,1,mid
HH-23,Elena V.,Purok 3,18,0.884,0.0,0.884,42.1,8.34,0.884,0.0,1,mid
HH-23,Elena V.,Purok 3,19,0.25,0.0,0.25,0.0,0.0,0.25,0.0,0,mid
HH-23,Elena V.,Purok 3,20,0.189,0.0,0.189,0.0,0.0,0.189,0.0,0,mid
HH-23,Elena V.,Purok 3,21,0.254,0.0,0.254,0.0,0.0,0.254,0.0,0,mid
HH-23,Elena V.,Purok 3,22,0.18,0.0,0.18,0.0,0.0,0.18,0.0,0,mid
HH-23,Elena V.,Purok 3,23,0.09,0.0,0.09,0.0,0.0,0.09,0.0,0,mid
HH-24,Tito M.,Purok 4,0,0.16,0.0,0.16,0.0,0.0,0.16,0.0,0,high
HH-24,Tito M.,Purok 4,1,0.11,0.0,0.11,52.4,9.5,0.11,0.0,1,high
HH-24,Tito M.,Purok 4,2,0.127,0.0,0.127,50.2,4.26,0.127,0.0,1,high
HH-24,Tito M.,Purok 4,3,0.139,0.0,0.139,39.0,5.38,0.139,0.0,1,high
HH-24,Tito M.,Purok 4,4,0.181,0.0,0.181,0.0,0.0,0.181,0.0,0,high
HH-24,Tito M.,Purok 4,5,0.793,0.0,0.793,0.0,0.0,0.793,0.0,0,high
HH-24,Tito M.,Purok 4,6,0.393,0.0,0.393,47.0,3.99,0.393,0.0,1,high
HH-24,Tito M.,Purok 4,7,0.126,0.0,0.126,42.4,8.22,0.126,0.0,1,high
HH-24,Tito M.,Purok 4,8,0.108,0.0,0.108,45.1,5.39,0.108,0.0,1,high
HH-24,Tito M.,Purok 4,9,0.153,0.0,0.153,0.0,0.0,0.153,0.0,0,high
HH-24,Tito M.,Purok 4,10,0.118,0.0,0.118,0.0,0.0,0.118,0.0,0,high
HH-24,Tito M.,Purok 4,11,0.239,0.0,0.239,0.0,0.0,0.239,0.0,0,high
HH-24,Tito M.,Purok 4,12,0.364,0.0,0.364,46.6,3.37,0.364,0.0,1,high
HH-24,Tito M.,Purok 4,13,0.135,0.0,0.135,0.0,0.0,0.135,0.0,0,high
HH-24,Tito M.,Purok 4,14,0.092,0.0,0.092,0.0,0.0,0.092,0.0,0,high
HH-24,Tito M.,Purok 4,15,0.165,0.0,0.165,46.5,7.63,0.165,0.0,1,high
HH-24,Tito M.,Purok 4,16,0.098,0.0,0.098,51.3,4.91,0.098,0.0,1,high
HH-24,Tito M.,Purok 4,17,0.515,0.0,0.515,40.4,6.01,0.515,0.0,1,high
HH-24,Tito M.,Purok 4,18,1.188,0.0,1.188,0.0,0.0,1.188,0.0,0,high
HH-24,Tito M.,Purok 4,19,0.33,0.0,0.33,38.1,7.67,0.33,0.0,1,high
HH-24,Tito M.,Purok 4,20,0.319,0.0,0.319,37.6,7.2,0.319,0.0,1,high
HH-24,Tito M.,Purok 4,21,0.297,0.0,0.297,39.8,4.48,0.297,0.0,1,high
HH-24,Tito M.,Purok 4,22,0.194,0.0,0.194,38.6,5.3,0.194,0.0,1,high
HH-24,Tito M.,Purok 4,23,0.183,0.0,0.183,0.0,0.0,0.183,0.0,0,high
HH-25,Nora K.,Purok 5,0,0.076,0.0,0.076,50.7,5.66,0.076,0.0,1,mid
HH-25,Nora K.,Purok 5,1,0.083,0.0,0.083,52.2,8.83,0.083,0.0,1,mid
HH-25,Nora K.,Purok 5,2,0.112,0.0,0.112,39.8,9.03,0.112,0.0,1,mid
HH-25,Nora K.,Purok 5,3,0.088,0.0,0.088,53.1,9.45,0.088,0.0,1,mid
HH-25,Nora K.,Purok 5,4,0.157,0.0,0.157,0.0,0.0,0.157,0.0,0,mid
HH-25,Nora K.,Purok 5,5,0.836,0.0,0.836,0.0,0.0,0.836,0.0,0,mid
HH-25,Nora K.,Purok 5,6,0.255,0.0,0.255,0.0,0.0,0.255,0.0,0,mid
HH-25,Nora K.,Purok 5,7,0.115,0.0,0.115,39.4,3.81,0.115,0.0,1,mid
HH-25,Nora K.,Purok 5,8,0.115,0.0,0.115,49.0,8.61,0.115,0.0,1,mid
HH-25,Nora K.,Purok 5,9,0.09,0.0,0.09,0.0,0.0,0.09,0.0,0,mid
HH-25,Nora K.,Purok 5,10,0.112,0.0,0.112,0.0,0.0,0.112,0.0,0,mid
HH-25,Nora K.,Purok 5,11,0.129,0.0,0.129,49.9,8.91,0.129,0.0,1,mid
HH-25,Nora K.,Purok 5,12,0.213,0.0,0.213,0.0,0.0,0.213,0.0,0,mid
HH-25,Nora K.,Purok 5,13,0.093,0.0,0.093,51.2,5.77,0.093,0.0,1,mid
HH-25,Nora K.,Purok 5,14,0.082,0.0,0.082,49.0,5.33,0.082,0.0,1,mid
HH-25,Nora K.,Purok 5,15,0.077,0.0,0.077,47.5,3.8,0.077,0.0,1,mid
HH-25,Nora K.,Purok 5,16,0.102,0.0,0.102,0.0,0.0,0.102,0.0,0,mid
HH-25,Nora K.,Purok 5,17,0.405,0.0,0.405,49.9,8.09,0.405,0.0,1,mid
HH-25,Nora K.,Purok 5,18,0.746,0.0,0.746,0.0,0.0,0.746,0.0,0,mid
HH-25,Nora K.,Purok 5,19,0.183,0.0,0.183,41.7,4.03,0.183,0.0,1,mid
HH-25,Nora K.,Purok 5,20,0.218,0.0,0.218,0.0,0.0,0.218,0.0,0,mid
HH-25,Nora K.,Purok 5,21,0.238,0.0,0.238,0.0,0.0,0.238,0.0,0,mid
HH-25,Nora K.,Purok 5,22,0.193,0.0,0.193,0.0,0.0,0.193,0.0,0,mid
HH-25,Nora K.,Purok 5,23,0.122,0.0,0.122,46.9,8.41,0.122,0.0,1,mid
HH-26,Ben L.,Purok 1,0,0.087,0.0,0.087,0.0,0.0,0.087,0.0,0,mid
HH-26,Ben L.,Purok 1,1,0.076,0.0,0.076,0.0,0.0,0.076,0.0,0,mid
HH-26,Ben L.,Purok 1,2,0.082,0.0,0.082,48.4,9.47,0.082,0.0,1,mid
HH-26,Ben L.,Purok 1,3,0.084,0.0,0.084,0.0,0.0,0.084,0.0,0,mid
HH-26,Ben L.,Purok 1,4,0.121,0.0,0.121,0.0,0.0,0.121,0.0,0,mid
HH-26,Ben L.,Purok 1,5,0.602,0.0,0.602,0.0,0.0,0.602,0.0,0,mid
HH-26,Ben L.,Purok 1,6,0.255,0.175,0.08,0.0,0.0,0.08,0.0,0,mid
HH-26,Ben L.,Purok 1,7,0.104,0.59,-0.486,51.0,3.48,0.0,0.486,1,mid
HH-26,Ben L.,Purok 1,8,0.128,0.435,-0.307,43.4,4.92,0.0,0.307,1,mid
HH-26,Ben L.,Purok 1,9,0.103,1.12,-1.017,55.4,5.17,0.0,1.017,1,mid
HH-26,Ben L.,Purok 1,10,0.112,1.574,-1.462,52.9,8.82,0.0,1.462,1,mid
HH-26,Ben L.,Purok 1,11,0.116,1.331,-1.215,0.0,0.0,0.0,1.215,0,mid
HH-26,Ben L.,Purok 1,12,0.305,1.409,-1.104,0.0,0.0,0.0,1.104,0,mid
HH-26,Ben L.,Purok 1,13,0.119,0.504,-0.385,0.0,0.0,0.0,0.385,0,mid
HH-26,Ben L.,Purok 1,14,0.122,0.191,-0.069,56.4,6.24,0.0,0.069,1,mid
HH-26,Ben L.,Purok 1,15,0.104,0.304,-0.2,0.0,0.0,0.0,0.2,0,mid
HH-26,Ben L.,Purok 1,16,0.098,0.381,-0.283,0.0,0.0,0.0,0.283,0,mid
HH-26,Ben L.,Purok 1,17,0.337,0.009,0.328,47.8,8.67,0.328,0.0,1,mid
HH-26,Ben L.,Purok 1,18,0.746,0.0,0.746,36.4,6.33,0.746,0.0,1,mid
HH-26,Ben L.,Purok 1,19,0.161,0.0,0.161,53.1,3.72,0.161,0.0,1,mid
HH-26,Ben L.,Purok 1,20,0.278,0.0,0.278,45.8,8.0,0.278,0.0,1,mid
HH-26,Ben L.,Purok 1,21,0.207,0.0,0.207,45.3,4.73,0.207,0.0,1,mid
HH-26,Ben L.,Purok 1,22,0.179,0.0,0.179,41.1,6.66,0.179,0.0,1,mid
HH-26,Ben L.,Purok 1,23,0.113,0.0,0.113,45.6,4.98,0.113,0.0,1,mid
HH-27,Rosa H.,Purok 2,0,0.074,0.0,0.074,52.0,7.19,0.074,0.0,1,mid
HH-27,Rosa H.,Purok 2,1,0.108,0.0,0.108,0.0,0.0,0.108,0.0,0,mid
HH-27,Rosa H.,Purok 2,2,0.073,0.0,0.073,50.3,3.66,0.073,0.0,1,mid
HH-27,Rosa H.,Purok 2,3,0.079,0.0,0.079,49.9,8.07,0.079,0.0,1,mid
HH-27,Rosa H.,Purok 2,4,0.156,0.0,0.156,0.0,0.0,0.156,0.0,0,mid
HH-27,Rosa H.,Purok 2,5,0.75,0.0,0.75,0.0,0.0,0.75,0.0,0,mid
HH-27,Rosa H.,Purok 2,6,0.324,0.114,0.21,40.6,7.08,0.21,0.0,1,mid
HH-27,Rosa H.,Purok 2,7,0.093,0.385,-0.292,53.5,9.77,0.0,0.292,1,mid
HH-27,Rosa H.,Purok 2,8,0.116,0.284,-0.168,56.4,7.17,0.0,0.168,1,mid
HH-27,Rosa H.,Purok 2,9,0.106,0.731,-0.625,57.7,5.64,0.0,0.625,1,mid
HH-27,Rosa H.,Purok 2,10,0.117,1.027,-0.91,0.0,0.0,0.0,0.91,0,mid
HH-27,Rosa H.,Purok 2,11,0.125,0.868,-0.743,0.0,0.0,0.0,0.743,0,mid
HH-27,Rosa H.,Purok 2,12,0.253,0.919,-0.666,0.0,0.0,0.0,0.666,0,mid
HH-27,Rosa H.,Purok 2,13,0.116,0.329,-0.213,0.0,0.0,0.0,0.213,0,mid
HH-27,Rosa H.,Purok 2,14,0.097,0.125,-0.028,0.0,0.0,0.0,0.028,0,mid
HH-27,Rosa H.,Purok 2,15,0.122,0.198,-0.076,47.4,7.52,0.0,0.076,1,mid
HH-27,Rosa H.,Purok 2,16,0.129,0.248,-0.119,43.8,5.54,0.0,0.119,1,mid
HH-27,Rosa H.,Purok 2,17,0.309,0.006,0.303,45.4,9.63,0.303,0.0,1,mid
HH-27,Rosa H.,Purok 2,18,0.987,0.0,0.987,33.3,3.96,0.987,0.0,1,mid
HH-27,Rosa H.,Purok 2,19,0.234,0.0,0.234,0.0,0.0,0.234,0.0,0,mid
HH-27,Rosa H.,Purok 2,20,0.252,0.0,0.252,51.3,8.4,0.252,0.0,1,mid
HH-27,Rosa H.,Purok 2,21,0.266,0.0,0.266,0.0,0.0,0.266,0.0,0,mid
HH-27,Rosa H.,Purok 2,22,0.124,0.0,0.124,51.3,5.36,0.124,0.0,1,mid
HH-27,Rosa H.,Purok 2,23,0.099,0.0,0.099,41.8,5.64,0.099,0.0,1,mid
HH-28,Paolo N.,Purok 3,0,0.11,0.0,0.11,0.0,0.0,0.11,0.0,0,mid
HH-28,Paolo N.,Purok 3,1,0.079,0.0,0.079,0.0,0.0,0.079,0.0,0,mid
HH-28,Paolo N.,Purok 3,2,0.08,0.0,0.08,0.0,0.0,0.08,0.0,0,mid
HH-28,Paolo N.,Purok 3,3,0.075,0.0,0.075,46.0,6.06,0.075,0.0,1,mid
HH-28,Paolo N.,Purok 3,4,0.105,0.0,0.105,0.0,0.0,0.105,0.0,0,mid
HH-28,Paolo N.,Purok 3,5,0.825,0.0,0.825,38.0,6.11,0.825,0.0,1,mid
HH-28,Paolo N.,Purok 3,6,0.264,0.095,0.169,0.0,0.0,0.169,0.0,0,mid
HH-28,Paolo N.,Purok 3,7,0.105,0.321,-0.216,46.7,6.74,0.0,0.216,1,mid
HH-28,Paolo N.,Purok 3,8,0.084,0.237,-0.153,0.0,0.0,0.0,0.153,0,mid
HH-28,Paolo N.,Purok 3,9,0.112,0.61,-0.498,49.9,8.85,0.0,0.498,1,mid
HH-28,Paolo N.,Purok 3,10,0.112,0.857,-0.745,0.0,0.0,0.0,0.745,0,mid
HH-28,Paolo N.,Purok 3,11,0.146,0.725,-0.579,0.0,0.0,0.0,0.579,0,mid
HH-28,Paolo N.,Purok 3,12,0.278,0.767,-0.489,57.0,4.97,0.0,0.489,1,mid
HH-28,Paolo N.,Purok 3,13,0.151,0.275,-0.124,61.1,9.76,0.0,0.124,1,mid
HH-28,Paolo N.,Purok 3,14,0.117,0.104,0.013,0.0,0.0,0.013,0.0,0,mid
HH-28,Paolo N.,Purok 3,15,0.108,0.166,-0.058,50.7,4.75,0.0,0.058,1,mid
HH-28,Paolo N.,Purok 3,16,0.11,0.207,-0.097,0.0,0.0,0.0,0.097,0,mid
HH-28,Paolo N.,Purok 3,17,0.441,0.005,0.436,0.0,0.0,0.436,0.0,0,mid
HH-28,Paolo N.,Purok 3,18,0.879,0.0,0.879,46.6,8.92,0.879,0.0,1,mid
HH-28,Paolo N.,Purok 3,19,0.226,0.0,0.226,42.6,8.34,0.226,0.0,1,mid
HH-28,Paolo N.,Purok 3,20,0.239,0.0,0.239,0.0,0.0,0.239,0.0,0,mid
HH-28,Paolo N.,Purok 3,21,0.261,0.0,0.261,53.1,6.06,0.261,0.0,1,mid
HH-28,Paolo N.,Purok 3,22,0.179,0.0,0.179,44.2,6.16,0.179,0.0,1,mid
HH-28,Paolo N.,Purok 3,23,0.089,0.0,0.089,47.3,3.37,0.089,0.0,1,mid
HH-29,Ramon D.,Purok 4,0,0.08,0.0,0.08,45.4,9.96,0.08,0.0,1,mid
HH-29,Ramon D.,Purok 4,1,0.088,0.0,0.088,52.7,9.52,0.088,0.0,1,mid
HH-29,Ramon D.,Purok 4,2,0.115,0.0,0.115,0.0,0.0,0.115,0.0,0,mid
HH-29,Ramon D.,Purok 4,3,0.104,0.0,0.104,0.0,0.0,0.104,0.0,0,mid
HH-29,Ramon D.,Purok 4,4,0.131,0.0,0.131,52.2,5.01,0.131,0.0,1,mid
HH-29,Ramon D.,Purok 4,5,0.658,0.0,0.658,0.0,0.0,0.658,0.0,0,mid
HH-29,Ramon D.,Purok 4,6,0.278,0.098,0.18,45.7,7.94,0.18,0.0,1,mid
HH-29,Ramon D.,Purok 4,7,0.134,0.33,-0.196,45.7,3.55,0.0,0.196,1,mid
HH-29,Ramon D.,Purok 4,8,0.127,0.244,-0.117,0.0,0.0,0.0,0.117,0,mid
HH-29,Ramon D.,Purok 4,9,0.1,0.627,-0.527,52.7,8.09,0.0,0.527,1,mid
HH-29,Ramon D.,Purok 4,10,0.1,0.881,-0.781,51.1,5.02,0.0,0.781,1,mid
HH-29,Ramon D.,Purok 4,11,0.112,0.745,-0.633,64.8,5.94,0.0,0.633,1,mid
HH-29,Ramon D.,Purok 4,12,0.181,0.789,-0.608,66.3,3.78,0.0,0.608,1,mid
HH-29,Ramon D.,Purok 4,13,0.115,0.282,-0.167,0.0,0.0,0.0,0.167,0,mid
HH-29,Ramon D.,Purok 4,14,0.089,0.107,-0.018,51.0,6.61,0.0,0.018,1,mid
HH-29,Ramon D.,Purok 4,15,0.085,0.17,-0.085,50.5,6.0,0.0,0.085,1,mid
HH-29,Ramon D.,Purok 4,16,0.075,0.213,-0.138,51.7,5.92,0.0,0.138,1,mid
HH-29,Ramon D.,Purok 4,17,0.447,0.005,0.442,37.5,9.82,0.442,0.0,1,mid
HH-29,Ramon D.,Purok 4,18,1.105,0.0,1.105,47.0,6.55,1.105,0.0,1,mid
HH-29,Ramon D.,Purok 4,19,0.23,0.0,0.23,0.0,0.0,0.23,0.0,0,mid
HH-29,Ramon D.,Purok 4,20,0.28,0.0,0.28,47.9,6.29,0.28,0.0,1,mid
HH-29,Ramon D.,Purok 4,21,0.273,0.0,0.273,0.0,0.0,0.273,0.0,0,mid
HH-29,Ramon D.,Purok 4,22,0.166,0.0,0.166,51.3,3.11,0.166,0.0,1,mid
HH-29,Ramon D.,Purok 4,23,0.103,0.0,0.103,49.2,8.13,0.103,0.0,1,mid
HH-30,Linda S.,Purok 5,0,0.072,0.0,0.072,0.0,0.0,0.072,0.0,0,mid
HH-30,Linda S.,Purok 5,1,0.115,0.0,0.115,0.0,0.0,0.115,0.0,0,mid
HH-30,Linda S.,Purok 5,2,0.098,0.0,0.098,48.0,3.31,0.098,0.0,1,mid
HH-30,Linda S.,Purok 5,3,0.109,0.0,0.109,0.0,0.0,0.109,0.0,0,mid
HH-30,Linda S.,Purok 5,4,0.187,0.0,0.187,45.9,8.45,0.187,0.0,1,mid
HH-30,Linda S.,Purok 5,5,0.688,0.0,0.688,0.0,0.0,0.688,0.0,0,mid
HH-30,Linda S.,Purok 5,6,0.263,0.166,0.097,0.0,0.0,0.097,0.0,0,mid
HH-30,Linda S.,Purok 5,7,0.13,0.56,-0.43,0.0,0.0,0.0,0.43,0,mid
HH-30,Linda S.,Purok 5,8,0.1,0.413,-0.313,49.8,8.43,0.0,0.313,1,mid
HH-30,Linda S.,Purok 5,9,0.075,1.064,-0.989,51.1,3.31,0.0,0.989,1,mid
HH-30,Linda S.,Purok 5,10,0.091,1.495,-1.404,59.5,9.53,0.0,1.404,1,mid
HH-30,Linda S.,Purok 5,11,0.135,1.264,-1.129,0.0,0.0,0.0,1.129,0,mid
HH-30,Linda S.,Purok 5,12,0.276,1.338,-1.062,67.5,4.77,0.0,1.062,1,mid
HH-30,Linda S.,Purok 5,13,0.146,0.479,-0.333,62.2,5.5,0.0,0.333,1,mid
HH-30,Linda S.,Purok 5,14,0.09,0.181,-0.091,0.0,0.0,0.0,0.091,0,mid
HH-30,Linda S.,Purok 5,15,0.112,0.289,-0.177,47.3,3.87,0.0,0.177,1,mid
HH-30,Linda S.,Purok 5,16,0.087,0.362,-0.275,0.0,0.0,0.0,0.275,0,mid
HH-30,Linda S.,Purok 5,17,0.443,0.009,0.434,0.0,0.0,0.434,0.0,0,mid
HH-30,Linda S.,Purok 5,18,1.093,0.0,1.093,0.0,0.0,1.093,0.0,0,mid
HH-30,Linda S.,Purok 5,19,0.227,0.0,0.227,46.1,9.82,0.227,0.0,1,mid
HH-30,Linda S.,Purok 5,20,0.214,0.0,0.214,46.6,9.47,0.214,0.0,1,mid
HH-30,Linda S.,Purok 5,21,0.187,0.0,0.187,0.0,0.0,0.187,0.0,0,mid
HH-30,Linda S.,Purok 5,22,0.134,0.0,0.134,0.0,0.0,0.134,0.0,0,mid
HH-30,Linda S.,Purok 5,23,0.154,0.0,0.154,51.9,7.22,0.154,0.0,1,mid
HH-31,Father C.,Purok 1,0,0.123,0.0,0.123,40.3,5.25,0.123,0.0,1,high
HH-31,Father C.,Purok 1,1,0.131,0.0,0.131,0.0,0.0,0.131,0.0,0,high
HH-31,Father C.,Purok 1,2,0.168,0.0,0.168,45.5,7.22,0.168,0.0,1,high
HH-31,Father C.,Purok 1,3,0.142,0.0,0.142,0.0,0.0,0.142,0.0,0,high
HH-31,Father C.,Purok 1,4,0.2,0.0,0.2,52.3,3.3,0.2,0.0,1,high
HH-31,Father C.,Purok 1,5,1.047,0.0,1.047,36.0,9.99,1.047,0.0,1,high
HH-31,Father C.,Purok 1,6,0.264,0.132,0.132,0.0,0.0,0.132,0.0,0,high
HH-31,Father C.,Purok 1,7,0.143,0.446,-0.303,0.0,0.0,0.0,0.303,0,high
HH-31,Father C.,Purok 1,8,0.15,0.329,-0.179,47.2,7.46,0.0,0.179,1,high
HH-31,Father C.,Purok 1,9,0.14,0.847,-0.707,0.0,0.0,0.0,0.707,0,high
HH-31,Father C.,Purok 1,10,0.15,1.19,-1.04,0.0,0.0,0.0,1.04,0,high
HH-31,Father C.,Purok 1,11,0.16,1.007,-0.847,0.0,0.0,0.0,0.847,0,high
HH-31,Father C.,Purok 1,12,0.335,1.066,-0.731,65.3,7.25,0.0,0.731,1,high
HH-31,Father C.,Purok 1,13,0.196,0.381,-0.185,60.9,3.47,0.0,0.185,1,high
HH-31,Father C.,Purok 1,14,0.125,0.144,-0.019,56.2,5.68,0.0,0.019,1,high
HH-31,Father C.,Purok 1,15,0.145,0.23,-0.085,0.0,0.0,0.0,0.085,0,high
HH-31,Father C.,Purok 1,16,0.1,0.288,-0.188,0.0,0.0,0.0,0.188,0,high
HH-31,Father C.,Purok 1,17,0.584,0.007,0.577,0.0,0.0,0.577,0.0,0,high
HH-31,Father C.,Purok 1,18,1.274,0.0,1.274,39.0,8.34,1.274,0.0,1,high
HH-31,Father C.,Purok 1,19,0.241,0.0,0.241,48.5,5.79,0.241,0.0,1,high
HH-31,Father C.,Purok 1,20,0.227,0.0,0.227,50.0,3.79,0.227,0.0,1,high
HH-31,Father C.,Purok 1,21,0.281,0.0,0.281,46.7,5.71,0.281,0.0,1,high
HH-31,Father C.,Purok 1,22,0.201,0.0,0.201,45.5,4.82,0.201,0.0,1,high
HH-31,Father C.,Purok 1,23,0.118,0.0,0.118,0.0,0.0,0.118,0.0,0,high
HH-32,Mila G.,Purok 2,0,0.13,0.0,0.13,46.8,9.42,0.13,0.0,1,mid
HH-32,Mila G.,Purok 2,1,0.125,0.0,0.125,46.2,8.97,0.125,0.0,1,mid
HH-32,Mila G.,Purok 2,2,0.098,0.0,0.098,0.0,0.0,0.098,0.0,0,mid
HH-32,Mila G.,Purok 2,3,0.077,0.0,0.077,50.3,3.61,0.077,0.0,1,mid
HH-32,Mila G.,Purok 2,4,0.18,0.0,0.18,0.0,0.0,0.18,0.0,0,mid
HH-32,Mila G.,Purok 2,5,0.849,0.0,0.849,34.2,5.43,0.849,0.0,1,mid
HH-32,Mila G.,Purok 2,6,0.282,0.119,0.163,52.3,9.24,0.163,0.0,1,mid
HH-32,Mila G.,Purok 2,7,0.121,0.401,-0.28,0.0,0.0,0.0,0.28,0,mid
HH-32,Mila G.,Purok 2,8,0.086,0.296,-0.21,0.0,0.0,0.0,0.21,0,mid
HH-32,Mila G.,Purok 2,9,0.12,0.763,-0.643,0.0,0.0,0.0,0.643,0,mid
HH-32,Mila G.,Purok 2,10,0.129,1.072,-0.943,0.0,0.0,0.0,0.943,0,mid
HH-32,Mila G.,Purok 2,11,0.127,0.906,-0.779,56.4,3.85,0.0,0.779,1,mid
HH-32,Mila G.,Purok 2,12,0.258,0.96,-0.702,53.0,8.53,0.0,0.702,1,mid
HH-32,Mila G.,Purok 2,13,0.112,0.343,-0.231,0.0,0.0,0.0,0.231,0,mid
HH-32,Mila G.,Purok 2,14,0.125,0.13,-0.005,55.9,8.63,0.0,0.005,1,mid
HH-32,Mila G.,Purok 2,15,0.1,0.207,-0.107,0.0,0.0,0.0,0.107,0,mid
HH-32,Mila G.,Purok 2,16,0.123,0.259,-0.136,57.1,5.17,0.0,0.136,1,mid
HH-32,Mila G.,Purok 2,17,0.426,0.006,0.42,0.0,0.0,0.42,0.0,0,mid
HH-32,Mila G.,Purok 2,18,0.796,0.0,0.796,46.8,8.38,0.796,0.0,1,mid
HH-32,Mila G.,Purok 2,19,0.258,0.0,0.258,48.2,9.81,0.258,0.0,1,mid
HH-32,Mila G.,Purok 2,20,0.209,0.0,0.209,43.8,7.76,0.209,0.0,1,mid
HH-32,Mila G.,Purok 2,21,0.265,0.0,0.265,0.0,0.0,0.265,0.0,0,mid
HH-32,Mila G.,Purok 2,22,0.151,0.0,0.151,0.0,0.0,0.151,0.0,0,mid
HH-32,Mila G.,Purok 2,23,0.143,0.0,0.143,0.0,0.0,0.143,0.0,0,mid
HH-33,Arnel P.,Purok 3,0,0.087,0.0,0.087,46.2,9.76,0.087,0.0,1,mid
HH-33,Arnel P.,Purok 3,1,0.088,0.0,0.088,0.0,0.0,0.088,0.0,0,mid
HH-33,Arnel P.,Purok 3,2,0.105,0.0,0.105,41.6,3.87,0.105,0.0,1,mid
HH-33,Arnel P.,Purok 3,3,0.13,0.0,0.13,50.3,5.26,0.13,0.0,1,mid
HH-33,Arnel P.,Purok 3,4,0.149,0.0,0.149,53.1,9.59,0.149,0.0,1,mid
HH-33,Arnel P.,Purok 3,5,0.671,0.0,0.671,0.0,0.0,0.671,0.0,0,mid
HH-33,Arnel P.,Purok 3,6,0.256,0.0,0.256,46.8,7.45,0.256,0.0,1,mid
HH-33,Arnel P.,Purok 3,7,0.109,0.0,0.109,47.7,5.12,0.109,0.0,1,mid
HH-33,Arnel P.,Purok 3,8,0.103,0.0,0.103,54.2,4.18,0.103,0.0,1,mid
HH-33,Arnel P.,Purok 3,9,0.103,0.0,0.103,50.7,7.61,0.103,0.0,1,mid
HH-33,Arnel P.,Purok 3,10,0.097,0.0,0.097,0.0,0.0,0.097,0.0,0,mid
HH-33,Arnel P.,Purok 3,11,0.134,0.0,0.134,0.0,0.0,0.134,0.0,0,mid
HH-33,Arnel P.,Purok 3,12,0.203,0.0,0.203,0.0,0.0,0.203,0.0,0,mid
HH-33,Arnel P.,Purok 3,13,0.134,0.0,0.134,0.0,0.0,0.134,0.0,0,mid
HH-33,Arnel P.,Purok 3,14,0.104,0.0,0.104,56.4,3.32,0.104,0.0,1,mid
HH-33,Arnel P.,Purok 3,15,0.084,0.0,0.084,0.0,0.0,0.084,0.0,0,mid
HH-33,Arnel P.,Purok 3,16,0.117,0.0,0.117,0.0,0.0,0.117,0.0,0,mid
HH-33,Arnel P.,Purok 3,17,0.254,0.0,0.254,0.0,0.0,0.254,0.0,0,mid
HH-33,Arnel P.,Purok 3,18,1.055,0.0,1.055,39.5,7.47,1.055,0.0,1,mid
HH-33,Arnel P.,Purok 3,19,0.247,0.0,0.247,0.0,0.0,0.247,0.0,0,mid
HH-33,Arnel P.,Purok 3,20,0.261,0.0,0.261,45.6,9.7,0.261,0.0,1,mid
HH-33,Arnel P.,Purok 3,21,0.196,0.0,0.196,0.0,0.0,0.196,0.0,0,mid
HH-33,Arnel P.,Purok 3,22,0.165,0.0,0.165,0.0,0.0,0.165,0.0,0,mid
HH-33,Arnel P.,Purok 3,23,0.143,0.0,0.143,39.8,3.51,0.143,0.0,1,mid
HH-34,Jun P.,Purok 4,0,0.129,0.0,0.129,42.2,6.39,0.129,0.0,1,mid
HH-34,Jun P.,Purok 4,1,0.1,0.0,0.1,0.0,0.0,0.1,0.0,0,mid
HH-34,Jun P.,Purok 4,2,0.072,0.0,0.072,51.2,8.03,0.072,0.0,1,mid
HH-34,Jun P.,Purok 4,3,0.1,0.0,0.1,0.0,0.0,0.1,0.0,0,mid
HH-34,Jun P.,Purok 4,4,0.158,0.0,0.158,0.0,0.0,0.158,0.0,0,mid
HH-34,Jun P.,Purok 4,5,1.039,0.0,1.039,40.7,5.59,1.039,0.0,1,mid
HH-34,Jun P.,Purok 4,6,0.306,0.0,0.306,41.8,6.27,0.306,0.0,1,mid
HH-34,Jun P.,Purok 4,7,0.116,0.0,0.116,43.7,3.68,0.116,0.0,1,mid
HH-34,Jun P.,Purok 4,8,0.102,0.0,0.102,43.2,7.31,0.102,0.0,1,mid
HH-34,Jun P.,Purok 4,9,0.097,0.0,0.097,0.0,0.0,0.097,0.0,0,mid
HH-34,Jun P.,Purok 4,10,0.113,0.0,0.113,48.3,5.29,0.113,0.0,1,mid
HH-34,Jun P.,Purok 4,11,0.142,0.0,0.142,53.8,8.34,0.142,0.0,1,mid
HH-34,Jun P.,Purok 4,12,0.273,0.0,0.273,49.8,6.49,0.273,0.0,1,mid
HH-34,Jun P.,Purok 4,13,0.095,0.0,0.095,54.3,9.62,0.095,0.0,1,mid
HH-34,Jun P.,Purok 4,14,0.098,0.0,0.098,0.0,0.0,0.098,0.0,0,mid
HH-34,Jun P.,Purok 4,15,0.128,0.0,0.128,39.8,5.47,0.128,0.0,1,mid
HH-34,Jun P.,Purok 4,16,0.09,0.0,0.09,49.7,9.18,0.09,0.0,1,mid
HH-34,Jun P.,Purok 4,17,0.39,0.0,0.39,50.4,6.76,0.39,0.0,1,mid
HH-34,Jun P.,Purok 4,18,1.003,0.0,1.003,43.6,9.18,1.003,0.0,1,mid
HH-34,Jun P.,Purok 4,19,0.266,0.0,0.266,0.0,0.0,0.266,0.0,0,mid
HH-34,Jun P.,Purok 4,20,0.267,0.0,0.267,47.0,5.8,0.267,0.0,1,mid
HH-34,Jun P.,Purok 4,21,0.255,0.0,0.255,39.1,6.87,0.255,0.0,1,mid
HH-34,Jun P.,Purok 4,22,0.139,0.0,0.139,43.4,8.35,0.139,0.0,1,mid
HH-34,Jun P.,Purok 4,23,0.107,0.0,0.107,0.0,0.0,0.107,0.0,0,mid
HH-35,Mina T.,Purok 5,0,0.113,0.0,0.113,0.0,0.0,0.113,0.0,0,mid
HH-35,Mina T.,Purok 5,1,0.116,0.0,0.116,45.4,9.83,0.116,0.0,1,mid
HH-35,Mina T.,Purok 5,2,0.122,0.0,0.122,0.0,0.0,0.122,0.0,0,mid
HH-35,Mina T.,Purok 5,3,0.072,0.0,0.072,51.5,9.57,0.072,0.0,1,mid
HH-35,Mina T.,Purok 5,4,0.111,0.0,0.111,47.1,6.56,0.111,0.0,1,mid
HH-35,Mina T.,Purok 5,5,0.917,0.0,0.917,38.0,3.96,0.917,0.0,1,mid
HH-35,Mina T.,Purok 5,6,0.313,0.0,0.313,47.2,6.2,0.313,0.0,1,mid
HH-35,Mina T.,Purok 5,7,0.156,0.0,0.156,48.6,5.3,0.156,0.0,1,mid
HH-35,Mina T.,Purok 5,8,0.115,0.0,0.115,50.9,9.93,0.115,0.0,1,mid
HH-35,Mina T.,Purok 5,9,0.096,0.0,0.096,52.5,5.35,0.096,0.0,1,mid
HH-35,Mina T.,Purok 5,10,0.076,0.0,0.076,44.2,7.96,0.076,0.0,1,mid
HH-35,Mina T.,Purok 5,11,0.162,0.0,0.162,0.0,0.0,0.162,0.0,0,mid
HH-35,Mina T.,Purok 5,12,0.306,0.0,0.306,60.2,7.72,0.306,0.0,1,mid
HH-35,Mina T.,Purok 5,13,0.116,0.0,0.116,0.0,0.0,0.116,0.0,0,mid
HH-35,Mina T.,Purok 5,14,0.112,0.0,0.112,0.0,0.0,0.112,0.0,0,mid
HH-35,Mina T.,Purok 5,15,0.124,0.0,0.124,0.0,0.0,0.124,0.0,0,mid
HH-35,Mina T.,Purok 5,16,0.073,0.0,0.073,0.0,0.0,0.073,0.0,0,mid
HH-35,Mina T.,Purok 5,17,0.412,0.0,0.412,52.2,6.32,0.412,0.0,1,mid
HH-35,Mina T.,Purok 5,18,0.806,0.0,0.806,0.0,0.0,0.806,0.0,0,mid
HH-35,Mina T.,Purok 5,19,0.203,0.0,0.203,0.0,0.0,0.203,0.0,0,mid
HH-35,Mina T.,Purok 5,20,0.173,0.0,0.173,0.0,0.0,0.173,0.0,0,mid
HH-35,Mina T.,Purok 5,21,0.214,0.0,0.214,0.0,0.0,0.214,0.0,0,mid
HH-35,Mina T.,Purok 5,22,0.156,0.0,0.156,0.0,0.0,0.156,0.0,0,mid
HH-35,Mina T.,Purok 5,23,0.141,0.0,0.141,48.8,7.4,0.141,0.0,1,mid
HH-36,Carlo B.,Purok 1,0,0.104,0.0,0.104,0.0,0.0,0.104,0.0,0,high
HH-36,Carlo B.,Purok 1,1,0.097,0.0,0.097,39.7,7.77,0.097,0.0,1,high
HH-36,Carlo B.,Purok 1,2,0.159,0.0,0.159,0.0,0.0,0.159,0.0,0,high
HH-36,Carlo B.,Purok 1,3,0.139,0.0,0.139,43.9,3.13,0.139,0.0,1,high
HH-36,Carlo B.,Purok 1,4,0.165,0.0,0.165,45.2,7.83,0.165,0.0,1,high
HH-36,Carlo B.,Purok 1,5,1.379,0.0,1.379,0.0,0.0,1.379,0.0,0,high
HH-36,Carlo B.,Purok 1,6,0.255,0.178,0.077,0.0,0.0,0.077,0.0,0,high
HH-36,Carlo B.,Purok 1,7,0.152,0.6,-0.448,0.0,0.0,0.0,0.448,0,high
HH-36,Carlo B.,Purok 1,8,0.111,0.443,-0.332,0.0,0.0,0.0,0.332,0,high
HH-36,Carlo B.,Purok 1,9,0.111,1.14,-1.029,51.5,3.97,0.0,1.029,1,high
HH-36,Carlo B.,Purok 1,10,0.092,1.602,-1.51,60.5,7.64,0.0,1.51,1,high
HH-36,Carlo B.,Purok 1,11,0.231,1.355,-1.124,70.6,4.21,0.0,1.124,1,high
HH-36,Carlo B.,Purok 1,12,0.403,1.435,-1.032,67.6,5.48,0.0,1.032,1,high
HH-36,Carlo B.,Purok 1,13,0.173,0.513,-0.34,0.0,0.0,0.0,0.34,0,high
HH-36,Carlo B.,Purok 1,14,0.103,0.194,-0.091,0.0,0.0,0.0,0.091,0,high
HH-36,Carlo B.,Purok 1,15,0.125,0.309,-0.184,0.0,0.0,0.0,0.184,0,high
HH-36,Carlo B.,Purok 1,16,0.118,0.388,-0.27,0.0,0.0,0.0,0.27,0,high
HH-36,Carlo B.,Purok 1,17,0.479,0.009,0.47,45.2,4.73,0.47,0.0,1,high
HH-36,Carlo B.,Purok 1,18,1.296,0.0,1.296,34.4,9.81,1.296,0.0,1,high
HH-36,Carlo B.,Purok 1,19,0.273,0.0,0.273,49.1,4.45,0.273,0.0,1,high
HH-36,Carlo B.,Purok 1,20,0.243,0.0,0.243,53.0,5.44,0.243,0.0,1,high
HH-36,Carlo B.,Purok 1,21,0.33,0.0,0.33,0.0,0.0,0.33,0.0,0,high
HH-36,Carlo B.,Purok 1,22,0.16,0.0,0.16,49.5,3.85,0.16,0.0,1,high
HH-36,Carlo B.,Purok 1,23,0.145,0.0,0.145,51.9,9.86,0.145,0.0,1,high
HH-37,Elena V.,Purok 2,0,0.129,0.0,0.129,0.0,0.0,0.129,0.0,0,high
HH-37,Elena V.,Purok 2,1,0.11,0.0,0.11,0.0,0.0,0.11,0.0,0,high
HH-37,Elena V.,Purok 2,2,0.136,0.0,0.136,50.3,5.01,0.136,0.0,1,high
HH-37,Elena V.,Purok 2,3,0.136,0.0,0.136,43.0,6.1,0.136,0.0,1,high
HH-37,Elena V.,Purok 2,4,0.253,0.0,0.253,46.6,4.41,0.253,0.0,1,high
HH-37,Elena V.,Purok 2,5,0.969,0.0,0.969,0.0,0.0,0.969,0.0,0,high
HH-37,Elena V.,Purok 2,6,0.418,0.133,0.285,0.0,0.0,0.285,0.0,0,high
HH-37,Elena V.,Purok 2,7,0.171,0.45,-0.279,51.6,7.31,0.0,0.279,1,high
HH-37,Elena V.,Purok 2,8,0.112,0.332,-0.22,50.3,7.69,0.0,0.22,1,high
HH-37,Elena V.,Purok 2,9,0.135,0.855,-0.72,0.0,0.0,0.0,0.72,0,high
HH-37,Elena V.,Purok 2,10,0.144,1.201,-1.057,59.9,5.89,0.0,1.057,1,high
HH-37,Elena V.,Purok 2,11,0.224,1.016,-0.792,53.4,8.4,0.0,0.792,1,high
HH-37,Elena V.,Purok 2,12,0.237,1.075,-0.838,0.0,0.0,0.0,0.838,0,high
HH-37,Elena V.,Purok 2,13,0.166,0.385,-0.219,0.0,0.0,0.0,0.219,0,high
HH-37,Elena V.,Purok 2,14,0.13,0.146,-0.016,61.2,9.55,0.0,0.016,1,high
HH-37,Elena V.,Purok 2,15,0.162,0.232,-0.07,56.0,4.4,0.0,0.07,1,high
HH-37,Elena V.,Purok 2,16,0.113,0.29,-0.177,55.9,7.52,0.0,0.177,1,high
HH-37,Elena V.,Purok 2,17,0.537,0.007,0.53,44.3,7.02,0.53,0.0,1,high
HH-37,Elena V.,Purok 2,18,1.273,0.0,1.273,0.0,0.0,1.273,0.0,0,high
HH-37,Elena V.,Purok 2,19,0.261,0.0,0.261,0.0,0.0,0.261,0.0,0,high
HH-37,Elena V.,Purok 2,20,0.309,0.0,0.309,0.0,0.0,0.309,0.0,0,high
HH-37,Elena V.,Purok 2,21,0.293,0.0,0.293,40.5,9.18,0.293,0.0,1,high
HH-37,Elena V.,Purok 2,22,0.216,0.0,0.216,0.0,0.0,0.216,0.0,0,high
HH-37,Elena V.,Purok 2,23,0.177,0.0,0.177,0.0,0.0,0.177,0.0,0,high
HH-38,Tito M.,Purok 3,0,0.082,0.0,0.082,54.3,6.47,0.082,0.0,1,low
HH-38,Tito M.,Purok 3,1,0.09,0.0,0.09,0.0,0.0,0.09,0.0,0,low
HH-38,Tito M.,Purok 3,2,0.081,0.0,0.081,0.0,0.0,0.081,0.0,0,low
HH-38,Tito M.,Purok 3,3,0.093,0.0,0.093,0.0,0.0,0.093,0.0,0,low
HH-38,Tito M.,Purok 3,4,0.122,0.0,0.122,40.7,6.98,0.122,0.0,1,low
HH-38,Tito M.,Purok 3,5,0.564,0.0,0.564,0.0,0.0,0.564,0.0,0,low
HH-38,Tito M.,Purok 3,6,0.181,0.0,0.181,47.2,9.92,0.181,0.0,1,low
HH-38,Tito M.,Purok 3,7,0.094,0.0,0.094,52.9,9.57,0.094,0.0,1,low
HH-38,Tito M.,Purok 3,8,0.085,0.0,0.085,41.1,4.35,0.085,0.0,1,low
HH-38,Tito M.,Purok 3,9,0.057,0.0,0.057,43.7,6.21,0.057,0.0,1,low
HH-38,Tito M.,Purok 3,10,0.066,0.0,0.066,52.1,8.16,0.066,0.0,1,low
HH-38,Tito M.,Purok 3,11,0.129,0.0,0.129,0.0,0.0,0.129,0.0,0,low
HH-38,Tito M.,Purok 3,12,0.151,0.0,0.151,0.0,0.0,0.151,0.0,0,low
HH-38,Tito M.,Purok 3,13,0.07,0.0,0.07,60.8,8.99,0.07,0.0,1,low
HH-38,Tito M.,Purok 3,14,0.077,0.0,0.077,0.0,0.0,0.077,0.0,0,low
HH-38,Tito M.,Purok 3,15,0.096,0.0,0.096,49.9,3.61,0.096,0.0,1,low
HH-38,Tito M.,Purok 3,16,0.076,0.0,0.076,44.6,3.98,0.076,0.0,1,low
HH-38,Tito M.,Purok 3,17,0.328,0.0,0.328,41.1,4.83,0.328,0.0,1,low
HH-38,Tito M.,Purok 3,18,0.827,0.0,0.827,0.0,0.0,0.827,0.0,0,low
HH-38,Tito M.,Purok 3,19,0.141,0.0,0.141,0.0,0.0,0.141,0.0,0,low
HH-38,Tito M.,Purok 3,20,0.197,0.0,0.197,38.6,8.06,0.197,0.0,1,low
HH-38,Tito M.,Purok 3,21,0.156,0.0,0.156,0.0,0.0,0.156,0.0,0,low
HH-38,Tito M.,Purok 3,22,0.133,0.0,0.133,0.0,0.0,0.133,0.0,0,low
HH-38,Tito M.,Purok 3,23,0.103,0.0,0.103,44.1,3.83,0.103,0.0,1,low
HH-39,Nora K.,Purok 4,0,0.09,0.0,0.09,53.6,6.52,0.09,0.0,1,mid
HH-39,Nora K.,Purok 4,1,0.077,0.0,0.077,0.0,0.0,0.077,0.0,0,mid
HH-39,Nora K.,Purok 4,2,0.128,0.0,0.128,53.6,3.82,0.128,0.0,1,mid
HH-39,Nora K.,Purok 4,3,0.078,0.0,0.078,42.9,7.3,0.078,0.0,1,mid
HH-39,Nora K.,Purok 4,4,0.192,0.0,0.192,50.4,4.07,0.192,0.0,1,mid
HH-39,Nora K.,Purok 4,5,1.034,0.0,1.034,0.0,0.0,1.034,0.0,0,mid
HH-39,Nora K.,Purok 4,6,0.284,0.0,0.284,45.3,6.84,0.284,0.0,1,mid
HH-39,Nora K.,Purok 4,7,0.155,0.0,0.155,42.3,7.65,0.155,0.0,1,mid
HH-39,Nora K.,Purok 4,8,0.128,0.0,0.128,52.9,8.28,0.128,0.0,1,mid
HH-39,Nora K.,Purok 4,9,0.118,0.0,0.118,50.3,6.13,0.118,0.0,1,mid
HH-39,Nora K.,Purok 4,10,0.092,0.0,0.092,40.3,6.95,0.092,0.0,1,mid
HH-39,Nora K.,Purok 4,11,0.176,0.0,0.176,54.8,6.54,0.176,0.0,1,mid
HH-39,Nora K.,Purok 4,12,0.177,0.0,0.177,53.9,5.3,0.177,0.0,1,mid
HH-39,Nora K.,Purok 4,13,0.123,0.0,0.123,55.3,4.44,0.123,0.0,1,mid
HH-39,Nora K.,Purok 4,14,0.097,0.0,0.097,59.2,6.57,0.097,0.0,1,mid
HH-39,Nora K.,Purok 4,15,0.11,0.0,0.11,46.4,6.59,0.11,0.0,1,mid
HH-39,Nora K.,Purok 4,16,0.11,0.0,0.11,52.0,6.24,0.11,0.0,1,mid
HH-39,Nora K.,Purok 4,17,0.368,0.0,0.368,0.0,0.0,0.368,0.0,0,mid
HH-39,Nora K.,Purok 4,18,1.098,0.0,1.098,43.1,8.72,1.098,0.0,1,mid
HH-39,Nora K.,Purok 4,19,0.278,0.0,0.278,0.0,0.0,0.278,0.0,0,mid
HH-39,Nora K.,Purok 4,20,0.168,0.0,0.168,39.7,5.41,0.168,0.0,1,mid
HH-39,Nora K.,Purok 4,21,0.176,0.0,0.176,0.0,0.0,0.176,0.0,0,mid
HH-39,Nora K.,Purok 4,22,0.107,0.0,0.107,0.0,0.0,0.107,0.0,0,mid
HH-39,Nora K.,Purok 4,23,0.148,0.0,0.148,39.3,9.54,0.148,0.0,1,mid
HH-40,Ben L.,Purok 5,0,0.104,0.0,0.104,51.4,8.38,0.104,0.0,1,mid
HH-40,Ben L.,Purok 5,1,0.125,0.0,0.125,0.0,0.0,0.125,0.0,0,mid
HH-40,Ben L.,Purok 5,2,0.083,0.0,0.083,0.0,0.0,0.083,0.0,0,mid
HH-40,Ben L.,Purok 5,3,0.074,0.0,0.074,45.5,9.95,0.074,0.0,1,mid
HH-40,Ben L.,Purok 5,4,0.179,0.0,0.179,0.0,0.0,0.179,0.0,0,mid
HH-40,Ben L.,Purok 5,5,1.059,0.0,1.059,0.0,0.0,1.059,0.0,0,mid
HH-40,Ben L.,Purok 5,6,0.22,0.172,0.048,50.2,7.78,0.048,0.0,1,mid
HH-40,Ben L.,Purok 5,7,0.113,0.581,-0.468,49.3,7.57,0.0,0.468,1,mid
HH-40,Ben L.,Purok 5,8,0.078,0.429,-0.351,51.3,6.76,0.0,0.351,1,mid
HH-40,Ben L.,Purok 5,9,0.127,1.104,-0.977,0.0,0.0,0.0,0.977,0,mid
HH-40,Ben L.,Purok 5,10,0.088,1.551,-1.463,52.1,3.02,0.0,1.463,1,mid
HH-40,Ben L.,Purok 5,11,0.149,1.312,-1.163,65.0,7.71,0.0,1.163,1,mid
HH-40,Ben L.,Purok 5,12,0.19,1.389,-1.199,60.6,8.76,0.0,1.199,1,mid
HH-40,Ben L.,Purok 5,13,0.148,0.497,-0.349,64.8,4.93,0.0,0.349,1,mid
HH-40,Ben L.,Purok 5,14,0.078,0.188,-0.11,0.0,0.0,0.0,0.11,0,mid
HH-40,Ben L.,Purok 5,15,0.097,0.3,-0.203,48.3,8.67,0.0,0.203,1,mid
HH-40,Ben L.,Purok 5,16,0.11,0.375,-0.265,0.0,0.0,0.0,0.265,0,mid
HH-40,Ben L.,Purok 5,17,0.401,0.009,0.392,0.0,0.0,0.392,0.0,0,mid
HH-40,Ben L.,Purok 5,18,1.166,0.0,1.166,32.3,4.44,1.166,0.0,1,mid
HH-40,Ben L.,Purok 5,19,0.209,0.0,0.209,49.6,7.18,0.209,0.0,1,mid
HH-40,Ben L.,Purok 5,20,0.252,0.0,0.252,44.4,8.18,0.252,0.0,1,mid
HH-40,Ben L.,Purok 5,21,0.166,0.0,0.166,52.5,4.52,0.166,0.0,1,mid
HH-40,Ben L.,Purok 5,22,0.142,0.0,0.142,43.5,6.53,0.142,0.0,1,mid
HH-40,Ben L.,Purok 5,23,0.091,0.0,0.091,0.0,0.0,0.091,0.0,0,mid
HH-41,Rosa H.,Purok 1,0,0.075,0.0,0.075,0.0,0.0,0.075,0.0,0,low
HH-41,Rosa H.,Purok 1,1,0.071,0.0,0.071,50.2,7.19,0.071,0.0,1,low
HH-41,Rosa H.,Purok 1,2,0.095,0.0,0.095,41.5,5.11,0.095,0.0,1,low
HH-41,Rosa H.,Purok 1,3,0.054,0.0,0.054,0.0,0.0,0.054,0.0,0,low
HH-41,Rosa H.,Purok 1,4,0.104,0.0,0.104,40.1,5.1,0.104,0.0,1,low
HH-41,Rosa H.,Purok 1,5,0.616,0.0,0.616,0.0,0.0,0.616,0.0,0,low
HH-41,Rosa H.,Purok 1,6,0.238,0.0,0.238,0.0,0.0,0.238,0.0,0,low
HH-41,Rosa H.,Purok 1,7,0.109,0.0,0.109,0.0,0.0,0.109,0.0,0,low
HH-41,Rosa H.,Purok 1,8,0.057,0.0,0.057,0.0,0.0,0.057,0.0,0,low
HH-41,Rosa H.,Purok 1,9,0.083,0.0,0.083,54.9,6.47,0.083,0.0,1,low
HH-41,Rosa H.,Purok 1,10,0.077,0.0,0.077,0.0,0.0,0.077,0.0,0,low
HH-41,Rosa H.,Purok 1,11,0.145,0.0,0.145,0.0,0.0,0.145,0.0,0,low
HH-41,Rosa H.,Purok 1,12,0.172,0.0,0.172,0.0,0.0,0.172,0.0,0,low
HH-41,Rosa H.,Purok 1,13,0.084,0.0,0.084,48.7,5.91,0.084,0.0,1,low
HH-41,Rosa H.,Purok 1,14,0.061,0.0,0.061,54.1,8.28,0.061,0.0,1,low
HH-41,Rosa H.,Purok 1,15,0.058,0.0,0.058,0.0,0.0,0.058,0.0,0,low
HH-41,Rosa H.,Purok 1,16,0.091,0.0,0.091,52.2,7.95,0.091,0.0,1,low
HH-41,Rosa H.,Purok 1,17,0.255,0.0,0.255,0.0,0.0,0.255,0.0,0,low
HH-41,Rosa H.,Purok 1,18,0.757,0.0,0.757,0.0,0.0,0.757,0.0,0,low
HH-41,Rosa H.,Purok 1,19,0.179,0.0,0.179,0.0,0.0,0.179,0.0,0,low
HH-41,Rosa H.,Purok 1,20,0.175,0.0,0.175,0.0,0.0,0.175,0.0,0,low
HH-41,Rosa H.,Purok 1,21,0.112,0.0,0.112,42.4,4.7,0.112,0.0,1,low
HH-41,Rosa H.,Purok 1,22,0.132,0.0,0.132,0.0,0.0,0.132,0.0,0,low
HH-41,Rosa H.,Purok 1,23,0.076,0.0,0.076,0.0,0.0,0.076,0.0,0,low
HH-42,Paolo N.,Purok 2,0,0.078,0.0,0.078,0.0,0.0,0.078,0.0,0,mid
HH-42,Paolo N.,Purok 2,1,0.104,0.0,0.104,42.2,8.07,0.104,0.0,1,mid
HH-42,Paolo N.,Purok 2,2,0.074,0.0,0.074,49.1,7.72,0.074,0.0,1,mid
HH-42,Paolo N.,Purok 2,3,0.116,0.0,0.116,0.0,0.0,0.116,0.0,0,mid
HH-42,Paolo N.,Purok 2,4,0.124,0.0,0.124,50.6,8.33,0.124,0.0,1,mid
HH-42,Paolo N.,Purok 2,5,0.705,0.0,0.705,0.0,0.0,0.705,0.0,0,mid
HH-42,Paolo N.,Purok 2,6,0.305,0.0,0.305,42.9,9.09,0.305,0.0,1,mid
HH-42,Paolo N.,Purok 2,7,0.108,0.0,0.108,0.0,0.0,0.108,0.0,0,mid
HH-42,Paolo N.,Purok 2,8,0.079,0.0,0.079,54.8,9.56,0.079,0.0,1,mid
HH-42,Paolo N.,Purok 2,9,0.124,0.0,0.124,46.7,10.0,0.124,0.0,1,mid
HH-42,Paolo N.,Purok 2,10,0.07,0.0,0.07,42.7,7.23,0.07,0.0,1,mid
HH-42,Paolo N.,Purok 2,11,0.182,0.0,0.182,0.0,0.0,0.182,0.0,0,mid
HH-42,Paolo N.,Purok 2,12,0.197,0.0,0.197,0.0,0.0,0.197,0.0,0,mid
HH-42,Paolo N.,Purok 2,13,0.093,0.0,0.093,0.0,0.0,0.093,0.0,0,mid
HH-42,Paolo N.,Purok 2,14,0.085,0.0,0.085,52.1,6.74,0.085,0.0,1,mid
HH-42,Paolo N.,Purok 2,15,0.08,0.0,0.08,47.3,6.59,0.08,0.0,1,mid
HH-42,Paolo N.,Purok 2,16,0.11,0.0,0.11,46.6,9.87,0.11,0.0,1,mid
HH-42,Paolo N.,Purok 2,17,0.25,0.0,0.25,0.0,0.0,0.25,0.0,0,mid
HH-42,Paolo N.,Purok 2,18,0.652,0.0,0.652,0.0,0.0,0.652,0.0,0,mid
HH-42,Paolo N.,Purok 2,19,0.258,0.0,0.258,46.9,5.9,0.258,0.0,1,mid
HH-42,Paolo N.,Purok 2,20,0.185,0.0,0.185,42.7,4.02,0.185,0.0,1,mid
HH-42,Paolo N.,Purok 2,21,0.188,0.0,0.188,0.0,0.0,0.188,0.0,0,mid
HH-42,Paolo N.,Purok 2,22,0.121,0.0,0.121,0.0,0.0,0.121,0.0,0,mid
HH-42,Paolo N.,Purok 2,23,0.088,0.0,0.088,44.6,4.07,0.088,0.0,1,mid
HH-43,Ramon D.,Purok 3,0,0.086,0.0,0.086,47.3,8.83,0.086,0.0,1,low
HH-43,Ramon D.,Purok 3,1,0.076,0.0,0.076,0.0,0.0,0.076,0.0,0,low
HH-43,Ramon D.,Purok 3,2,0.086,0.0,0.086,0.0,0.0,0.086,0.0,0,low
HH-43,Ramon D.,Purok 3,3,0.074,0.0,0.074,54.9,8.75,0.074,0.0,1,low
HH-43,Ramon D.,Purok 3,4,0.131,0.0,0.131,0.0,0.0,0.131,0.0,0,low
HH-43,Ramon D.,Purok 3,5,0.643,0.0,0.643,47.6,4.18,0.643,0.0,1,low
HH-43,Ramon D.,Purok 3,6,0.144,0.089,0.055,47.4,8.04,0.055,0.0,1,low
HH-43,Ramon D.,Purok 3,7,0.09,0.3,-0.21,0.0,0.0,0.0,0.21,0,low
HH-43,Ramon D.,Purok 3,8,0.095,0.222,-0.127,42.0,7.49,0.0,0.127,1,low
HH-43,Ramon D.,Purok 3,9,0.054,0.571,-0.517,59.3,8.93,0.0,0.517,1,low
HH-43,Ramon D.,Purok 3,10,0.088,0.802,-0.714,0.0,0.0,0.0,0.714,0,low
HH-43,Ramon D.,Purok 3,11,0.137,0.678,-0.541,0.0,0.0,0.0,0.541,0,low
HH-43,Ramon D.,Purok 3,12,0.19,0.718,-0.528,54.9,8.9,0.0,0.528,1,low
HH-43,Ramon D.,Purok 3,13,0.088,0.257,-0.169,0.0,0.0,0.0,0.169,0,low
HH-43,Ramon D.,Purok 3,14,0.096,0.097,-0.001,53.0,6.54,0.0,0.001,1,low
HH-43,Ramon D.,Purok 3,15,0.055,0.155,-0.1,0.0,0.0,0.0,0.1,0,low
HH-43,Ramon D.,Purok 3,16,0.074,0.194,-0.12,0.0,0.0,0.0,0.12,0,low
HH-43,Ramon D.,Purok 3,17,0.247,0.005,0.242,0.0,0.0,0.242,0.0,0,low
HH-43,Ramon D.,Purok 3,18,0.767,0.0,0.767,34.0,6.41,0.767,0.0,1,low
HH-43,Ramon D.,Purok 3,19,0.164,0.0,0.164,0.0,0.0,0.164,0.0,0,low
HH-43,Ramon D.,Purok 3,20,0.206,0.0,0.206,42.7,6.71,0.206,0.0,1,low
HH-43,Ramon D.,Purok 3,21,0.117,0.0,0.117,0.0,0.0,0.117,0.0,0,low
HH-43,Ramon D.,Purok 3,22,0.084,0.0,0.084,50.1,8.69,0.084,0.0,1,low
HH-43,Ramon D.,Purok 3,23,0.096,0.0,0.096,0.0,0.0,0.096,0.0,0,low
HH-44,Linda S.,Purok 4,0,0.055,0.0,0.055,0.0,0.0,0.055,0.0,0,low
HH-44,Linda S.,Purok 4,1,0.065,0.0,0.065,41.9,3.67,0.065,0.0,1,low
HH-44,Linda S.,Purok 4,2,0.081,0.0,0.081,52.4,6.69,0.081,0.0,1,low
HH-44,Linda S.,Purok 4,3,0.077,0.0,0.077,45.4,5.78,0.077,0.0,1,low
HH-44,Linda S.,Purok 4,4,0.101,0.0,0.101,55.0,6.96,0.101,0.0,1,low
HH-44,Linda S.,Purok 4,5,0.827,0.0,0.827,46.9,7.79,0.827,0.0,1,low
HH-44,Linda S.,Purok 4,6,0.191,0.119,0.072,0.0,0.0,0.072,0.0,0,low
HH-44,Linda S.,Purok 4,7,0.088,0.402,-0.314,0.0,0.0,0.0,0.314,0,low
HH-44,Linda S.,Purok 4,8,0.08,0.297,-0.217,0.0,0.0,0.0,0.217,0,low
HH-44,Linda S.,Purok 4,9,0.057,0.763,-0.706,54.5,5.65,0.0,0.706,1,low
HH-44,Linda S.,Purok 4,10,0.084,1.072,-0.988,50.6,3.07,0.0,0.988,1,low
HH-44,Linda S.,Purok 4,11,0.136,0.907,-0.771,65.7,6.04,0.0,0.771,1,low
HH-44,Linda S.,Purok 4,12,0.204,0.96,-0.756,0.0,0.0,0.0,0.756,0,low
HH-44,Linda S.,Purok 4,13,0.105,0.344,-0.239,0.0,0.0,0.0,0.239,0,low
HH-44,Linda S.,Purok 4,14,0.085,0.13,-0.045,48.0,6.7,0.0,0.045,1,low
HH-44,Linda S.,Purok 4,15,0.062,0.207,-0.145,55.4,9.08,0.0,0.145,1,low
HH-44,Linda S.,Purok 4,16,0.073,0.259,-0.186,42.7,3.33,0.0,0.186,1,low
HH-44,Linda S.,Purok 4,17,0.22,0.006,0.214,0.0,0.0,0.214,0.0,0,low
HH-44,Linda S.,Purok 4,18,0.623,0.0,0.623,0.0,0.0,0.623,0.0,0,low
HH-44,Linda S.,Purok 4,19,0.16,0.0,0.16,0.0,0.0,0.16,0.0,0,low
HH-44,Linda S.,Purok 4,20,0.157,0.0,0.157,43.8,9.5,0.157,0.0,1,low
HH-44,Linda S.,Purok 4,21,0.119,0.0,0.119,0.0,0.0,0.119,0.0,0,low
HH-44,Linda S.,Purok 4,22,0.108,0.0,0.108,0.0,0.0,0.108,0.0,0,low
HH-44,Linda S.,Purok 4,23,0.099,0.0,0.099,0.0,0.0,0.099,0.0,0,low
HH-45,Father C.,Purok 5,0,0.092,0.0,0.092,0.0,0.0,0.092,0.0,0,mid
HH-45,Father C.,Purok 5,1,0.079,0.0,0.079,42.0,3.54,0.079,0.0,1,mid
HH-45,Father C.,Purok 5,2,0.125,0.0,0.125,45.2,8.84,0.125,0.0,1,mid
HH-45,Father C.,Purok 5,3,0.074,0.0,0.074,0.0,0.0,0.074,0.0,0,mid
HH-45,Father C.,Purok 5,4,0.18,0.0,0.18,40.8,8.29,0.18,0.0,1,mid
HH-45,Father C.,Purok 5,5,0.643,0.0,0.643,0.0,0.0,0.643,0.0,0,mid
HH-45,Father C.,Purok 5,6,0.189,0.205,-0.016,0.0,0.0,0.0,0.016,0,mid
HH-45,Father C.,Purok 5,7,0.137,0.692,-0.555,45.3,9.82,0.0,0.555,1,mid
HH-45,Father C.,Purok 5,8,0.119,0.511,-0.392,48.6,8.87,0.0,0.392,1,mid
HH-45,Father C.,Purok 5,9,0.103,1.315,-1.212,0.0,0.0,0.0,1.212,0,mid
HH-45,Father C.,Purok 5,10,0.105,1.847,-1.742,0.0,0.0,0.0,1.742,0,mid
HH-45,Father C.,Purok 5,11,0.156,1.563,-1.407,58.7,8.41,0.0,1.407,1,mid
HH-45,Father C.,Purok 5,12,0.224,1.654,-1.43,66.3,9.95,0.0,1.43,1,mid
HH-45,Father C.,Purok 5,13,0.093,0.592,-0.499,57.9,9.59,0.0,0.499,1,mid
HH-45,Father C.,Purok 5,14,0.091,0.224,-0.133,0.0,0.0,0.0,0.133,0,mid
HH-45,Father C.,Purok 5,15,0.11,0.357,-0.247,0.0,0.0,0.0,0.247,0,mid
HH-45,Father C.,Purok 5,16,0.115,0.447,-0.332,55.4,7.33,0.0,0.332,1,mid
HH-45,Father C.,Purok 5,17,0.427,0.011,0.416,0.0,0.0,0.416,0.0,0,mid
HH-45,Father C.,Purok 5,18,1.042,0.0,1.042,43.1,4.08,1.042,0.0,1,mid
HH-45,Father C.,Purok 5,19,0.282,0.0,0.282,0.0,0.0,0.282,0.0,0,mid
HH-45,Father C.,Purok 5,20,0.233,0.0,0.233,0.0,0.0,0.233,0.0,0,mid
HH-45,Father C.,Purok 5,21,0.191,0.0,0.191,38.6,3.75,0.191,0.0,1,mid
HH-45,Father C.,Purok 5,22,0.157,0.0,0.157,43.1,5.52,0.157,0.0,1,mid
HH-45,Father C.,Purok 5,23,0.099,0.0,0.099,46.4,4.31,0.099,0.0,1,mid
HH-46,Mila G.,Purok 1,0,0.109,0.0,0.109,0.0,0.0,0.109,0.0,0,mid
HH-46,Mila G.,Purok 1,1,0.083,0.0,0.083,45.0,3.18,0.083,0.0,1,mid
HH-46,Mila G.,Purok 1,2,0.076,0.0,0.076,44.6,7.19,0.076,0.0,1,mid
HH-46,Mila G.,Purok 1,3,0.121,0.0,0.121,45.2,5.04,0.121,0.0,1,mid
HH-46,Mila G.,Purok 1,4,0.138,0.0,0.138,53.4,9.31,0.138,0.0,1,mid
HH-46,Mila G.,Purok 1,5,0.984,0.0,0.984,0.0,0.0,0.984,0.0,0,mid
HH-46,Mila G.,Purok 1,6,0.261,0.0,0.261,0.0,0.0,0.261,0.0,0,mid
HH-46,Mila G.,Purok 1,7,0.142,0.0,0.142,41.1,5.67,0.142,0.0,1,mid
HH-46,Mila G.,Purok 1,8,0.121,0.0,0.121,40.0,6.45,0.121,0.0,1,mid
HH-46,Mila G.,Purok 1,9,0.128,0.0,0.128,46.7,5.95,0.128,0.0,1,mid
HH-46,Mila G.,Purok 1,10,0.119,0.0,0.119,43.0,4.76,0.119,0.0,1,mid
HH-46,Mila G.,Purok 1,11,0.16,0.0,0.16,0.0,0.0,0.16,0.0,0,mid
HH-46,Mila G.,Purok 1,12,0.271,0.0,0.271,0.0,0.0,0.271,0.0,0,mid
HH-46,Mila G.,Purok 1,13,0.086,0.0,0.086,51.2,3.75,0.086,0.0,1,mid
HH-46,Mila G.,Purok 1,14,0.126,0.0,0.126,0.0,0.0,0.126,0.0,0,mid
HH-46,Mila G.,Purok 1,15,0.12,0.0,0.12,51.9,7.34,0.12,0.0,1,mid
HH-46,Mila G.,Purok 1,16,0.086,0.0,0.086,52.4,5.34,0.086,0.0,1,mid
HH-46,Mila G.,Purok 1,17,0.283,0.0,0.283,0.0,0.0,0.283,0.0,0,mid
HH-46,Mila G.,Purok 1,18,1.032,0.0,1.032,0.0,0.0,1.032,0.0,0,mid
HH-46,Mila G.,Purok 1,19,0.195,0.0,0.195,53.6,5.24,0.195,0.0,1,mid
HH-46,Mila G.,Purok 1,20,0.199,0.0,0.199,53.8,5.2,0.199,0.0,1,mid
HH-46,Mila G.,Purok 1,21,0.148,0.0,0.148,0.0,0.0,0.148,0.0,0,mid
HH-46,Mila G.,Purok 1,22,0.183,0.0,0.183,46.4,7.86,0.183,0.0,1,mid
HH-46,Mila G.,Purok 1,23,0.125,0.0,0.125,0.0,0.0,0.125,0.0,0,mid
HH-47,Arnel P.,Purok 2,0,0.094,0.0,0.094,52.3,5.63,0.094,0.0,1,mid
HH-47,Arnel P.,Purok 2,1,0.079,0.0,0.079,48.4,3.8,0.079,0.0,1,mid
HH-47,Arnel P.,Purok 2,2,0.108,0.0,0.108,0.0,0.0,0.108,0.0,0,mid
HH-47,Arnel P.,Purok 2,3,0.072,0.0,0.072,48.2,7.77,0.072,0.0,1,mid
HH-47,Arnel P.,Purok 2,4,0.172,0.0,0.172,0.0,0.0,0.172,0.0,0,mid
HH-47,Arnel P.,Purok 2,5,0.705,0.0,0.705,41.4,7.96,0.705,0.0,1,mid
HH-47,Arnel P.,Purok 2,6,0.238,0.168,0.07,52.5,7.85,0.07,0.0,1,mid
HH-47,Arnel P.,Purok 2,7,0.109,0.568,-0.459,0.0,0.0,0.0,0.459,0,mid
HH-47,Arnel P.,Purok 2,8,0.092,0.42,-0.328,52.8,6.5,0.0,0.328,1,mid
HH-47,Arnel P.,Purok 2,9,0.113,1.08,-0.967,59.2,7.61,0.0,0.967,1,mid
HH-47,Arnel P.,Purok 2,10,0.117,1.517,-1.4,0.0,0.0,0.0,1.4,0,mid
HH-47,Arnel P.,Purok 2,11,0.156,1.283,-1.127,63.7,9.93,0.0,1.127,1,mid
HH-47,Arnel P.,Purok 2,12,0.188,1.359,-1.171,71.1,6.55,0.0,1.171,1,mid
HH-47,Arnel P.,Purok 2,13,0.088,0.486,-0.398,0.0,0.0,0.0,0.398,0,mid
HH-47,Arnel P.,Purok 2,14,0.079,0.184,-0.105,53.6,8.54,0.0,0.105,1,mid
HH-47,Arnel P.,Purok 2,15,0.107,0.293,-0.186,0.0,0.0,0.0,0.186,0,mid
HH-47,Arnel P.,Purok 2,16,0.11,0.367,-0.257,43.4,7.47,0.0,0.257,1,mid
HH-47,Arnel P.,Purok 2,17,0.302,0.009,0.293,0.0,0.0,0.293,0.0,0,mid
HH-47,Arnel P.,Purok 2,18,1.009,0.0,1.009,0.0,0.0,1.009,0.0,0,mid
HH-47,Arnel P.,Purok 2,19,0.218,0.0,0.218,39.0,7.53,0.218,0.0,1,mid
HH-47,Arnel P.,Purok 2,20,0.212,0.0,0.212,0.0,0.0,0.212,0.0,0,mid
HH-47,Arnel P.,Purok 2,21,0.181,0.0,0.181,0.0,0.0,0.181,0.0,0,mid
HH-47,Arnel P.,Purok 2,22,0.173,0.0,0.173,54.1,8.27,0.173,0.0,1,mid
HH-47,Arnel P.,Purok 2,23,0.092,0.0,0.092,43.4,3.07,0.092,0.0,1,mid
HH-48,Jun P.,Purok 3,0,0.072,0.0,0.072,48.7,6.63,0.072,0.0,1,low
HH-48,Jun P.,Purok 3,1,0.065,0.0,0.065,0.0,0.0,0.065,0.0,0,low
HH-48,Jun P.,Purok 3,2,0.083,0.0,0.083,51.7,5.74,0.083,0.0,1,low
HH-48,Jun P.,Purok 3,3,0.074,0.0,0.074,0.0,0.0,0.074,0.0,0,low
HH-48,Jun P.,Purok 3,4,0.124,0.0,0.124,39.4,5.41,0.124,0.0,1,low
HH-48,Jun P.,Purok 3,5,0.464,0.0,0.464,51.7,5.91,0.464,0.0,1,low
HH-48,Jun P.,Purok 3,6,0.176,0.201,-0.025,42.5,9.58,0.0,0.025,1,low
HH-48,Jun P.,Purok 3,7,0.095,0.68,-0.585,48.0,6.19,0.0,0.585,1,low
HH-48,Jun P.,Purok 3,8,0.053,0.502,-0.449,50.6,6.33,0.0,0.449,1,low
HH-48,Jun P.,Purok 3,9,0.066,1.292,-1.226,0.0,0.0,0.0,1.226,0,low
HH-48,Jun P.,Purok 3,10,0.062,1.815,-1.753,67.0,5.1,0.0,1.753,1,low
HH-48,Jun P.,Purok 3,11,0.088,1.535,-1.447,68.9,8.94,0.0,1.447,1,low
HH-48,Jun P.,Purok 3,12,0.16,1.625,-1.465,0.0,0.0,0.0,1.465,0,low
HH-48,Jun P.,Purok 3,13,0.081,0.582,-0.501,54.9,9.89,0.0,0.501,1,low
HH-48,Jun P.,Purok 3,14,0.053,0.22,-0.167,57.3,4.12,0.0,0.167,1,low
HH-48,Jun P.,Purok 3,15,0.086,0.351,-0.265,0.0,0.0,0.0,0.265,0,low
HH-48,Jun P.,Purok 3,16,0.06,0.439,-0.379,46.0,5.84,0.0,0.379,1,low
HH-48,Jun P.,Purok 3,17,0.244,0.01,0.234,0.0,0.0,0.234,0.0,0,low
HH-48,Jun P.,Purok 3,18,0.774,0.0,0.774,43.6,3.2,0.774,0.0,1,low
HH-48,Jun P.,Purok 3,19,0.165,0.0,0.165,44.9,7.15,0.165,0.0,1,low
HH-48,Jun P.,Purok 3,20,0.198,0.0,0.198,0.0,0.0,0.198,0.0,0,low
HH-48,Jun P.,Purok 3,21,0.186,0.0,0.186,51.5,8.27,0.186,0.0,1,low
HH-48,Jun P.,Purok 3,22,0.084,0.0,0.084,53.3,3.71,0.084,0.0,1,low
HH-48,Jun P.,Purok 3,23,0.11,0.0,0.11,46.4,5.28,0.11,0.0,1,low
HH-49,Mina T.,Purok 4,0,0.054,0.0,0.054,48.0,9.04,0.054,0.0,1,low
HH-49,Mina T.,Purok 4,1,0.053,0.0,0.053,0.0,0.0,0.053,0.0,0,low
HH-49,Mina T.,Purok 4,2,0.094,0.0,0.094,0.0,0.0,0.094,0.0,0,low
HH-49,Mina T.,Purok 4,3,0.091,0.0,0.091,0.0,0.0,0.091,0.0,0,low
HH-49,Mina T.,Purok 4,4,0.118,0.0,0.118,0.0,0.0,0.118,0.0,0,low
HH-49,Mina T.,Purok 4,5,0.666,0.0,0.666,44.5,8.92,0.666,0.0,1,low
HH-49,Mina T.,Purok 4,6,0.211,0.119,0.092,0.0,0.0,0.092,0.0,0,low
HH-49,Mina T.,Purok 4,7,0.086,0.401,-0.315,0.0,0.0,0.0,0.315,0,low
HH-49,Mina T.,Purok 4,8,0.058,0.296,-0.238,43.3,7.3,0.0,0.238,1,low
HH-49,Mina T.,Purok 4,9,0.053,0.761,-0.708,50.6,3.83,0.0,0.708,1,low
HH-49,Mina T.,Purok 4,10,0.067,1.069,-1.002,56.2,7.85,0.0,1.002,1,low
HH-49,Mina T.,Purok 4,11,0.133,0.904,-0.771,59.3,3.97,0.0,0.771,1,low
HH-49,Mina T.,Purok 4,12,0.201,0.957,-0.756,64.1,7.45,0.0,0.756,1,low
HH-49,Mina T.,Purok 4,13,0.108,0.343,-0.235,0.0,0.0,0.0,0.235,0,low
HH-49,Mina T.,Purok 4,14,0.094,0.13,-0.036,0.0,0.0,0.0,0.036,0,low
HH-49,Mina T.,Purok 4,15,0.056,0.207,-0.151,0.0,0.0,0.0,0.151,0,low
HH-49,Mina T.,Purok 4,16,0.091,0.259,-0.168,46.4,3.98,0.0,0.168,1,low
HH-49,Mina T.,Purok 4,17,0.222,0.006,0.216,44.0,3.38,0.216,0.0,1,low
HH-49,Mina T.,Purok 4,18,0.727,0.0,0.727,47.2,3.96,0.727,0.0,1,low
HH-49,Mina T.,Purok 4,19,0.167,0.0,0.167,0.0,0.0,0.167,0.0,0,low
HH-49,Mina T.,Purok 4,20,0.155,0.0,0.155,49.7,6.46,0.155,0.0,1,low
HH-49,Mina T.,Purok 4,21,0.14,0.0,0.14,46.7,8.88,0.14,0.0,1,low
HH-49,Mina T.,Purok 4,22,0.102,0.0,0.102,51.4,3.22,0.102,0.0,1,low
HH-49,Mina T.,Purok 4,23,0.081,0.0,0.081,48.0,4.92,0.081,0.0,1,low
HH-50,Carlo B.,Purok 5,0,0.08,0.0,0.08,51.2,6.2,0.08,0.0,1,mid
HH-50,Carlo B.,Purok 5,1,0.101,0.0,0.101,0.0,0.0,0.101,0.0,0,mid
HH-50,Carlo B.,Purok 5,2,0.077,0.0,0.077,41.2,3.79,0.077,0.0,1,mid
HH-50,Carlo B.,Purok 5,3,0.101,0.0,0.101,0.0,0.0,0.101,0.0,0,mid
HH-50,Carlo B.,Purok 5,4,0.187,0.0,0.187,0.0,0.0,0.187,0.0,0,mid
HH-50,Carlo B.,Purok 5,5,0.773,0.0,0.773,34.5,8.76,0.773,0.0,1,mid
HH-50,Carlo B.,Purok 5,6,0.284,0.156,0.128,0.0,0.0,0.128,0.0,0,mid
HH-50,Carlo B.,Purok 5,7,0.143,0.528,-0.385,44.7,9.93,0.0,0.385,1,mid
HH-50,Carlo B.,Purok 5,8,0.119,0.39,-0.271,0.0,0.0,0.0,0.271,0,mid
HH-50,Carlo B.,Purok 5,9,0.084,1.003,-0.919,0.0,0.0,0.0,0.919,0,mid
HH-50,Carlo B.,Purok 5,10,0.079,1.409,-1.33,57.8,10.0,0.0,1.33,1,mid
HH-50,Carlo B.,Purok 5,11,0.123,1.192,-1.069,62.6,8.72,0.0,1.069,1,mid
HH-50,Carlo B.,Purok 5,12,0.265,1.262,-0.997,0.0,0.0,0.0,0.997,0,mid
HH-50,Carlo B.,Purok 5,13,0.139,0.452,-0.313,0.0,0.0,0.0,0.313,0,mid
HH-50,Carlo B.,Purok 5,14,0.109,0.171,-0.062,56.9,8.67,0.0,0.062,1,mid
HH-50,Carlo B.,Purok 5,15,0.081,0.272,-0.191,51.7,7.98,0.0,0.191,1,mid
HH-50,Carlo B.,Purok 5,16,0.116,0.341,-0.225,45.1,3.97,0.0,0.225,1,mid
HH-50,Carlo B.,Purok 5,17,0.349,0.008,0.341,42.9,3.42,0.341,0.0,1,mid
HH-50,Carlo B.,Purok 5,18,1.06,0.0,1.06,36.7,6.77,1.06,0.0,1,mid
HH-50,Carlo B.,Purok 5,19,0.254,0.0,0.254,0.0,0.0,0.254,0.0,0,mid
HH-50,Carlo B.,Purok 5,20,0.213,0.0,0.213,52.0,4.87,0.213,0.0,1,mid
HH-50,Carlo B.,Purok 5,21,0.263,0.0,0.263,0.0,0.0,0.263,0.0,0,mid
HH-50,Carlo B.,Purok 5,22,0.156,0.0,0.156,0.0,0.0,0.156,0.0,0,mid
HH-50,Carlo B.,Purok 5,23,0.13,0.0,0.13,51.5,9.74,0.13,0.0,1,mid
